fixed_drive,fixed_drive_result,series,series_result,series_success,yardline_100,touchdown,fumble_lost,interception,game_id,play_id,home_team,away_team,rush,pass,fd,name,ep,epa,success,passer_player_name,rusher_player_name,receiver_player_name,posteam,down,qtr,time,desc,ydstogo,quarter_seconds_remaining,game_seconds_remaining,vegas_home_wp,vegas_home_wpa,home_wp,play_type,cp,cpoe,complete_pass,air_yards,pass_location,yards_gained,qb_epa,total_home_score,total_away_score,score_differential,posteam_timeouts_remaining,defteam_timeouts_remaining,drive_start_yard_line,drive_end_yard_line,drive_start_transition,drive_end_transition,drive_time_of_possession,drive_play_count,game_half,return_yards,yrdln,penalty,week
1,Field goal,1,First down,1,NA,NA,NA,NA,2025_06_CHI_WAS,1,WAS,CHI,0,0,0,NA,0.770222367,0,0,NA,NA,NA,NA,NA,1,15:00,GAME,0,900,3600,0.705343544,0,0.566792041,NA,NA,NA,NA,NA,NA,NA,0,0,0,NA,NA,NA,NA,NA,NA,NA,NA,NA,Half1,NA,WAS 35,NA,6
1,Field goal,1,First down,1,35,0,0,0,2025_06_CHI_WAS,40,WAS,CHI,0,0,0,NA,0.770222367,0.310390853,1,NA,NA,NA,CHI,NA,1,15:00,16-M.Gay kicks 61 yards from WAS 35 to CHI 4. 12-D.Duvernay to CHI 30 for 26 yards (34-A.Hamilton).,0,900,3600,0.705343544,-0.002895474,0.566792041,kickoff,NA,NA,0,NA,NA,0,0.310390853,0,0,0,3,3,CHI 30,WAS 29,KICKOFF,FIELD_GOAL,4:19,9,Half1,26,WAS 35,0,6
1,Field goal,1,First down,1,70,0,0,0,2025_06_CHI_WAS,63,WAS,CHI,1,0,0,D.Swift,1.08061322,-0.347456302,0,NA,D.Swift,NA,CHI,1,1,14:55,(14:55) 4-D.Swift left tackle to CHI 32 for 2 yards (54-B.Wagner; 99-J.Kinlaw).,10,895,3595,0.70244807,0.009466201,0.566453755,run,NA,NA,0,NA,NA,2,-0.347456302,0,0,0,3,3,CHI 30,WAS 29,KICKOFF,FIELD_GOAL,4:19,9,Half1,0,CHI 30,0,6
1,Field goal,1,First down,1,68,0,0,0,2025_06_CHI_WAS,85,WAS,CHI,0,1,1,C.Williams,0.733156917,1.183331359,1,C.Williams,NA,O.Zaccheaus,CHI,2,1,14:22,(14:22) (Shotgun) 18-C.Williams pass short middle to 14-O.Zaccheaus to CHI 42 for 10 yards (55-J.Martin).,8,862,3562,0.711914271,-0.032709599,0.578351527,pass,0.707752645,29.2247355,1,8,middle,10,1.183331359,0,0,0,3,3,CHI 30,WAS 29,KICKOFF,FIELD_GOAL,4:19,9,Half1,0,CHI 32,0,6
1,Field goal,2,First down,1,58,0,0,0,2025_06_CHI_WAS,110,WAS,CHI,0,1,0,C.Williams,1.916488276,0.043799619,1,C.Williams,NA,L.Burden,CHI,1,1,13:43,(13:43) (Shotgun) 18-C.Williams pass short right to 10-L.Burden pushed ob at CHI 46 for 4 yards (23-T.Amos).,10,823,3523,0.679204673,0.009918451,0.5451006,pass,0.770710349,22.92896509,1,4,right,4,0.043799619,0,0,0,3,3,CHI 30,WAS 29,KICKOFF,FIELD_GOAL,4:19,9,Half1,0,CHI 42,0,6
1,Field goal,2,First down,1,54,0,0,0,2025_06_CHI_WAS,140,WAS,CHI,1,0,1,D.Swift,1.960287896,0.827644453,1,NA,D.Swift,NA,CHI,2,1,13:10,(13:10) 4-D.Swift left tackle to WAS 47 for 7 yards (4-F.Luvu).,6,790,3490,0.689123124,-0.014036238,0.550539047,run,NA,NA,0,NA,NA,7,0.827644453,0,0,0,3,3,CHI 30,WAS 29,KICKOFF,FIELD_GOAL,4:19,9,Half1,0,CHI 46,0,6
1,Field goal,3,First down,1,47,0,0,0,2025_06_CHI_WAS,162,WAS,CHI,0,1,1,C.Williams,2.787932348,0.793543605,1,C.Williams,NA,D.Swift,CHI,1,1,12:36,(12:36) (Shotgun) 18-C.Williams pass short right to 4-D.Swift to WAS 35 for 12 yards (54-B.Wagner).,10,756,3456,0.675086886,-0.044209361,0.519882113,pass,0.864251018,13.57489824,1,-6,right,12,0.793543605,0,0,0,3,3,CHI 30,WAS 29,KICKOFF,FIELD_GOAL,4:19,9,Half1,0,WAS 47,0,6
1,Field goal,4,Field goal,0,35,0,0,0,2025_06_CHI_WAS,187,WAS,CHI,1,0,0,K.Monangai,3.581475953,0.270576133,1,NA,K.Monangai,NA,CHI,1,1,12:02,(12:02) 25-K.Monangai right tackle to WAS 29 for 6 yards (92-D.Armstrong).,10,722,3422,0.630877525,-0.003818512,0.46958822,run,NA,NA,0,NA,NA,6,0.270576133,0,0,0,3,3,CHI 30,WAS 29,KICKOFF,FIELD_GOAL,4:19,9,Half1,0,WAS 35,0,6
1,Field goal,4,Field goal,0,29,0,0,0,2025_06_CHI_WAS,209,WAS,CHI,1,0,0,D.Swift,3.852052085,-0.689908699,0,NA,D.Swift,NA,CHI,2,1,11:28,(11:28) (Shotgun) 4-D.Swift right tackle to WAS 29 for no gain (95-J.Newton).,4,688,3388,0.627059013,0.002178043,0.465937257,run,NA,NA,0,NA,NA,0,-0.689908699,0,0,0,3,3,CHI 30,WAS 29,KICKOFF,FIELD_GOAL,4:19,9,Half1,0,WAS 29,0,6
1,Field goal,4,Field goal,0,29,0,0,0,2025_06_CHI_WAS,231,WAS,CHI,0,1,0,C.Williams,3.162143386,-1.446896303,0,C.Williams,NA,D.Moore,CHI,3,1,10:48,(10:48) (Shotgun) 18-C.Williams pass incomplete short left to 2-D.Moore.,4,648,3348,0.629237056,0.031612039,0.489867508,pass,0.54145354,-54.14535403,0,12,left,0,-1.446896303,0,0,0,3,3,CHI 30,WAS 29,KICKOFF,FIELD_GOAL,4:19,9,Half1,0,WAS 29,0,6
1,Field goal,4,Field goal,0,29,0,0,0,2025_06_CHI_WAS,254,WAS,CHI,0,0,0,NA,1.715247083,1.284752917,1,NA,NA,NA,CHI,4,1,10:45,"(10:45) 16-J.Moody 47 yard field goal is GOOD, Center-46-S.Daly, Holder-19-T.Taylor.",4,645,3345,0.660849094,-0.013311863,0.546071976,field_goal,NA,NA,0,NA,NA,0,1.284752917,0,3,0,3,3,CHI 30,WAS 29,KICKOFF,FIELD_GOAL,4:19,9,Half1,0,WAS 29,0,6
2,Turnover,5,First down,1,35,0,0,0,2025_06_CHI_WAS,274,WAS,CHI,0,0,0,NA,1.431321163,0.57811265,1,NA,NA,NA,WAS,NA,1,10:41,"16-J.Moody kicks 65 yards from CHI 35 to end zone, Touchback to the WAS 35.",0,641,3341,0.647537231,0.021725118,0.51621896,kickoff,NA,NA,0,NA,NA,0,0.57811265,0,3,-3,3,3,WAS 35,CHI 21,KICKOFF,INTERCEPTION,4:35,8,Half1,0,CHI 35,0,6
2,Turnover,5,First down,1,65,0,0,0,2025_06_CHI_WAS,298,WAS,CHI,1,0,0,J.Croskey-Merritt,2.009433813,-0.232124732,0,NA,J.Croskey-Merritt,NA,WAS,1,1,10:41,(10:41) (Shotgun) 73-T.Scott reported in as eligible. 22-J.Croskey-Merritt left tackle to WAS 38 for 3 yards (44-N.Sewell).,10,641,3341,0.66926235,-0.004588485,0.539495528,run,NA,NA,0,NA,NA,3,-0.232124732,0,3,-3,3,3,WAS 35,CHI 21,KICKOFF,INTERCEPTION,4:35,8,Half1,0,WAS 35,0,6
2,Turnover,5,First down,1,62,0,0,0,2025_06_CHI_WAS,322,WAS,CHI,0,0,0,NA,1.777309081,-0.696197995,0,NA,NA,NA,WAS,2,1,10:09,"(10:09) (No Huddle, Shotgun) PENALTY on WAS-78-L.Tunsil, False Start, 5 yards, enforced at WAS 38 - No Play.",7,609,3309,0.664673865,-0.02109772,0.53488487,no_play,NA,NA,0,NA,NA,0,-0.696197995,0,3,-3,3,3,WAS 35,CHI 21,KICKOFF,INTERCEPTION,4:35,8,Half1,0,WAS 38,1,6
2,Turnover,5,First down,1,67,0,0,0,2025_06_CHI_WAS,346,WAS,CHI,0,1,1,J.Daniels,1.081111086,1.73060672,1,J.Daniels,NA,C.Moore,WAS,2,1,9:55,"(9:55) (No Huddle, Shotgun) 5-J.Daniels pass short left to 19-C.Moore to WAS 46 for 13 yards (26-N.Wright).",12,595,3295,0.643576145,0.025819838,0.510196686,pass,0.634547353,36.54526472,1,13,left,13,1.73060672,0,3,-3,3,3,WAS 35,CHI 21,KICKOFF,INTERCEPTION,4:35,8,Half1,0,WAS 33,0,6
2,Turnover,6,First down,1,54,0,0,0,2025_06_CHI_WAS,371,WAS,CHI,1,0,0,J.Daniels,2.811717806,-0.445463853,0,NA,J.Daniels,NA,WAS,1,1,9:18,"(9:18) (No Huddle, Shotgun) 5-J.Daniels left end to WAS 48 for 2 yards (55-D.Odeyingbo).",10,558,3258,0.669395983,0.000780523,0.549016178,run,NA,NA,0,NA,NA,2,-0.445463853,0,3,-3,3,3,WAS 35,CHI 21,KICKOFF,INTERCEPTION,4:35,8,Half1,0,WAS 46,0,6
2,Turnover,6,First down,1,52,0,0,0,2025_06_CHI_WAS,393,WAS,CHI,0,1,1,J.Daniels,2.366253953,1.420101363,1,J.Daniels,NA,D.Samuel,WAS,2,1,8:41,"(8:41) (No Huddle, Shotgun) 5-J.Daniels pass incomplete short middle to 1-D.Samuel. PENALTY on CHI-98-M.Sweat, Roughing the Passer, 15 yards, enforced at WAS 48 - No Play.",8,521,3221,0.670176506,0.056627154,0.535988033,no_play,NA,NA,0,NA,NA,0,1.420101363,0,3,-3,3,3,WAS 35,CHI 21,KICKOFF,INTERCEPTION,4:35,8,Half1,0,WAS 48,1,6
2,Turnover,7,First down,1,37,0,0,0,2025_06_CHI_WAS,439,WAS,CHI,0,1,0,J.Daniels,3.786355315,-0.151431596,0,J.Daniels,NA,Z.Ertz,WAS,1,1,8:37,"(8:37) (No Huddle, Shotgun) 5-J.Daniels pass short left to 86-Z.Ertz to CHI 33 for 4 yards (9-J.Brisker).",10,517,3217,0.72680366,-0.006720304,0.613332331,pass,0.773660064,22.63399363,1,4,left,4,-0.151431596,0,3,-3,3,3,WAS 35,CHI 21,KICKOFF,INTERCEPTION,4:35,8,Half1,0,CHI 37,0,6
2,Turnover,7,First down,1,33,0,0,0,2025_06_CHI_WAS,464,WAS,CHI,1,0,0,J.Croskey-Merritt,3.634923719,-0.252789668,0,NA,J.Croskey-Merritt,NA,WAS,2,1,8:02,"(8:02) (No Huddle, Shotgun) 22-J.Croskey-Merritt right guard to CHI 30 for 3 yards (95-S.Turner).",6,482,3182,0.720083356,-0.018518865,0.603852749,run,NA,NA,0,NA,NA,3,-0.252789668,0,3,-3,3,3,WAS 35,CHI 21,KICKOFF,INTERCEPTION,4:35,8,Half1,0,CHI 33,0,6
2,Turnover,7,First down,1,30,0,0,0,2025_06_CHI_WAS,486,WAS,CHI,0,1,1,J.Daniels,3.382134051,1.1254426,1,J.Daniels,NA,D.Samuel,WAS,3,1,7:29,"(7:29) (No Huddle, Shotgun) 5-J.Daniels pass short left to 1-D.Samuel to CHI 26 for 4 yards (95-S.Turner).",3,449,3149,0.701564491,0.042038858,0.591748536,pass,0.757220864,24.27791357,1,1,left,4,1.1254426,0,3,-3,3,3,WAS 35,CHI 21,KICKOFF,INTERCEPTION,4:35,8,Half1,0,CHI 30,0,6
2,Turnover,8,Turnover,0,26,0,0,0,2025_06_CHI_WAS,511,WAS,CHI,1,0,0,J.Croskey-Merritt,4.507576652,0.08054465,1,NA,J.Croskey-Merritt,NA,WAS,1,1,6:50,(6:50) (No Huddle) 22-J.Croskey-Merritt left guard to CHI 21 for 5 yards (55-D.Odeyingbo; 31-K.Byard).,10,410,3110,0.743603349,0.010140538,0.631605625,run,NA,NA,0,NA,NA,5,0.08054465,0,3,-3,3,3,WAS 35,CHI 21,KICKOFF,INTERCEPTION,4:35,8,Half1,0,CHI 26,0,6
2,Turnover,8,Turnover,0,21,0,0,1,2025_06_CHI_WAS,533,WAS,CHI,0,1,0,J.Daniels,4.588121301,-5.988424756,0,J.Daniels,NA,D.Samuel,WAS,2,1,6:17,"(6:17) (No Huddle, Shotgun) 5-J.Daniels pass deep left intended for 1-D.Samuel INTERCEPTED by 9-J.Brisker at CHI 2. 9-J.Brisker to CHI 34 for 32 yards (5-J.Daniels).",5,377,3077,0.753743887,-0.1738621,0.623626769,pass,0.371985048,-37.19850481,0,19,left,0,-5.988424756,0,3,-3,3,3,WAS 35,CHI 21,KICKOFF,INTERCEPTION,4:35,8,Half1,32,CHI 21,0,6
3,Field goal,9,First down,1,66,0,0,0,2025_06_CHI_WAS,567,WAS,CHI,0,1,0,C.Williams,1.400303455,-0.539725636,0,C.Williams,NA,R.Odunze,CHI,1,1,6:06,(6:06) 18-C.Williams pass incomplete deep left to 15-R.Odunze (20-Q.Martin).,10,366,3066,0.579881787,0.012367815,0.429553151,pass,0.331119478,-33.11194777,0,36,left,0,-0.539725636,0,3,3,3,3,CHI 34,WAS 30,INTERCEPTION,FIELD_GOAL,3:39,8,Half1,0,CHI 34,0,6
3,Field goal,9,First down,1,66,0,0,0,2025_06_CHI_WAS,597,WAS,CHI,0,1,1,C.Williams,0.860577819,1.495414526,1,C.Williams,NA,D.Moore,CHI,2,1,5:59,(5:59) (Shotgun) 18-C.Williams pass short left to 2-D.Moore to CHI 47 for 13 yards (54-B.Wagner).,10,359,3059,0.592249602,-0.034259319,0.447609544,pass,0.877606809,12.23931909,1,-3,left,13,1.495414526,0,3,3,3,3,CHI 34,WAS 30,INTERCEPTION,FIELD_GOAL,3:39,8,Half1,0,CHI 34,0,6
3,Field goal,10,First down,1,53,0,0,0,2025_06_CHI_WAS,622,WAS,CHI,1,0,0,K.Monangai,2.355992345,-0.160690393,0,NA,K.Monangai,NA,CHI,1,1,5:23,(5:23) 25-K.Monangai right tackle to WAS 49 for 4 yards (94-D.Payne).,10,323,3023,0.557990283,0.006815165,0.416000724,run,NA,NA,0,NA,NA,4,-0.160690393,0,3,3,3,3,CHI 34,WAS 30,INTERCEPTION,FIELD_GOAL,3:39,8,Half1,0,CHI 47,0,6
3,Field goal,10,First down,1,49,0,0,0,2025_06_CHI_WAS,644,WAS,CHI,0,1,1,C.Williams,2.195301952,1.555643282,1,C.Williams,NA,D.Moore,CHI,2,1,4:52,(4:52) 18-C.Williams pass deep left to 2-D.Moore to WAS 32 for 17 yards (23-T.Amos).,6,292,2992,0.564805448,-0.043761998,0.398318589,pass,0.567409694,43.25903058,1,17,left,17,1.555643282,0,3,3,3,3,CHI 34,WAS 30,INTERCEPTION,FIELD_GOAL,3:39,8,Half1,0,WAS 49,0,6
3,Field goal,11,Field goal,0,32,0,0,0,2025_06_CHI_WAS,669,WAS,CHI,0,1,0,C.Williams,3.750945235,-0.431049412,0,C.Williams,NA,C.Kmet,CHI,1,1,4:15,(4:15) 18-C.Williams pass short right to 85-C.Kmet to WAS 32 for no gain (54-B.Wagner; 96-J.Holmes).,10,255,2955,0.52104345,0.02132979,0.375190854,pass,0.865247726,13.47522736,1,-5,right,0,-0.431049412,0,3,3,3,3,CHI 34,WAS 30,INTERCEPTION,FIELD_GOAL,3:39,8,Half1,0,WAS 32,0,6
3,Field goal,11,Field goal,0,32,0,0,0,2025_06_CHI_WAS,694,WAS,CHI,0,1,0,C.Williams,3.319895823,-1.406944425,0,C.Williams,NA,C.Loveland,CHI,2,1,3:39,"(3:39) (Shotgun) 18-C.Williams pass short right to 84-C.Loveland to WAS 21 for 11 yards (4-F.Luvu; 20-Q.Martin). PENALTY on CHI-84-C.Loveland, Offensive Pass Interference, 10 yards, enforced at WAS 32 - No Play.",10,219,2919,0.54237324,0.02846241,0.389889181,no_play,NA,NA,0,NA,NA,0,-1.406944425,0,3,3,3,3,CHI 34,WAS 30,INTERCEPTION,FIELD_GOAL,3:39,8,Half1,0,WAS 32,1,6
3,Field goal,11,Field goal,0,42,0,0,0,2025_06_CHI_WAS,730,WAS,CHI,0,1,0,C.Williams,1.912951397,-0.969094176,0,C.Williams,NA,O.Zaccheaus,CHI,2,1,3:11,(3:11) (Shotgun) 18-C.Williams pass incomplete short middle to 14-O.Zaccheaus.,20,191,2891,0.57083565,-0.000406981,0.414451897,pass,0.766310096,-76.63100958,0,8,middle,0,-0.969094176,0,3,3,3,3,CHI 34,WAS 30,INTERCEPTION,FIELD_GOAL,3:39,8,Half1,0,WAS 42,0,6
3,Field goal,11,Field goal,0,42,0,0,0,2025_06_CHI_WAS,765,WAS,CHI,0,1,0,C.Williams,0.943857221,0.664233503,1,C.Williams,NA,D.Moore,CHI,3,1,3:09,(3:09) (Shotgun) 18-C.Williams pass short right to 2-D.Moore pushed ob at WAS 30 for 12 yards (23-T.Amos; 25-D.Savage).,20,189,2889,0.570428669,-0.016536266,0.446488023,pass,0.803449035,19.65509653,1,4,right,12,0.664233503,0,3,3,3,3,CHI 34,WAS 30,INTERCEPTION,FIELD_GOAL,3:39,8,Half1,0,WAS 42,0,6
3,Field goal,11,Field goal,0,30,0,0,0,2025_06_CHI_WAS,795,WAS,CHI,0,0,0,NA,1.608090724,1.391909276,1,NA,NA,NA,CHI,4,1,2:30,"(2:30) 16-J.Moody 48 yard field goal is GOOD, Center-46-S.Daly, Holder-19-T.Taylor.",8,150,2850,0.553892404,-0.032196909,0.463193417,field_goal,NA,NA,0,NA,NA,0,1.391909276,0,6,3,3,3,CHI 34,WAS 30,INTERCEPTION,FIELD_GOAL,3:39,8,Half1,0,WAS 30,0,6
4,Turnover,12,First down,1,35,0,0,0,2025_06_CHI_WAS,815,WAS,CHI,0,0,0,NA,1.388575739,0.319203592,1,NA,NA,NA,WAS,NA,1,2:27,16-J.Moody kicks 63 yards from CHI 35 to WAS 2. 11-L.McCaffrey to WAS 30 for 28 yards (92-D.Hardy; 22-E.Hicks).,0,147,2847,0.521695495,0.009641528,0.403315306,kickoff,NA,NA,0,NA,NA,0,0.319203592,0,6,-6,3,3,WAS 30,WAS 35,KICKOFF,FUMBLE,0:28,1,Half1,28,CHI 35,0,6
4,Turnover,12,First down,1,70,0,0,0,2025_06_CHI_WAS,845,WAS,CHI,0,1,1,J.Daniels,1.707779331,0.238769521,1,J.Daniels,NA,C.Moore,WAS,1,1,2:19,"(2:19) (Shotgun) 5-J.Daniels pass incomplete deep left to 19-C.Moore (31-K.Byard). PENALTY on CHI-26-N.Wright, Illegal Contact, 5 yards, enforced at WAS 30 - No Play.",10,139,2839,0.531337023,0.017690718,0.412251264,no_play,NA,NA,0,NA,NA,0,0.238769521,0,6,-6,3,3,WAS 30,WAS 35,KICKOFF,FUMBLE,0:28,1,Half1,0,WAS 30,1,6
4,Turnover,13,Turnover,0,65,0,1,0,2025_06_CHI_WAS,879,WAS,CHI,1,0,0,J.Croskey-Merritt,1.946548852,-5.453765605,0,NA,J.Croskey-Merritt,NA,WAS,1,1,2:13,"(2:13) (No Huddle, Shotgun) 22-J.Croskey-Merritt left tackle to WAS 33 for -2 yards (98-M.Sweat). FUMBLES (98-M.Sweat), RECOVERED by CHI-6-K.Gordon at WAS 35.",10,133,2833,0.549027741,-0.133760929,0.425983638,run,NA,NA,0,NA,NA,0,-5.453765605,0,6,-6,3,3,WAS 30,WAS 35,KICKOFF,FUMBLE,0:28,1,Half1,0,WAS 35,0,6
5,Touchdown,14,First down,1,35,0,0,0,2025_06_CHI_WAS,917,WAS,CHI,0,1,1,C.Williams,3.507216753,0.831581427,1,C.Williams,NA,R.Odunze,CHI,1,1,1:59,(1:59) (Shotgun) 18-C.Williams pass short right to 15-R.Odunze to WAS 24 for 11 yards (23-T.Amos; 54-B.Wagner).,10,119,2819,0.415266812,-0.029127777,0.26316303,pass,0.750660121,24.93398786,1,5,right,11,0.831581427,0,6,6,3,3,WAS 35,WAS 1,FUMBLE,TOUCHDOWN,2:41,5,Half1,0,WAS 35,0,6
5,Touchdown,15,First down,1,24,0,0,0,2025_06_CHI_WAS,942,WAS,CHI,1,0,0,D.Swift,4.33879818,0.016886722,1,NA,D.Swift,NA,CHI,1,1,1:25,(1:25) 4-D.Swift right tackle to WAS 19 for 5 yards (25-D.Savage; 96-J.Holmes).,10,85,2785,0.386139035,-0.016053915,0.249606967,run,NA,NA,0,NA,NA,5,0.016886722,0,6,6,3,3,WAS 35,WAS 1,FUMBLE,TOUCHDOWN,2:41,5,Half1,0,WAS 24,0,6
5,Touchdown,15,First down,1,19,0,0,0,2025_06_CHI_WAS,964,WAS,CHI,1,0,1,D.Swift,4.355684902,1.054534989,1,NA,D.Swift,NA,CHI,2,1,0:43,(:43) (Shotgun) 4-D.Swift left tackle to WAS 7 for 12 yards (20-Q.Martin).,5,43,2743,0.37008512,-0.032434642,0.242819846,run,NA,NA,0,NA,NA,12,1.054534989,0,6,6,3,3,WAS 35,WAS 1,FUMBLE,TOUCHDOWN,2:41,5,Half1,0,WAS 19,0,6
5,Touchdown,16,Touchdown,1,NA,NA,NA,NA,2025_06_CHI_WAS,986,WAS,CHI,0,0,0,NA,5.410219891,0,0,NA,NA,NA,CHI,NA,1,0:00,END QUARTER 1,0,0,2700,0.337650478,0,0.212551415,NA,NA,NA,NA,NA,NA,NA,0,0,6,6,3,3,WAS 35,WAS 1,FUMBLE,TOUCHDOWN,2:41,5,Half1,NA,WAS 7,NA,6
5,Touchdown,16,Touchdown,1,7,0,0,0,2025_06_CHI_WAS,1006,WAS,CHI,1,0,0,D.Moore,5.410219891,0.698648642,1,NA,D.Moore,NA,CHI,1,2,15:00,(15:00) 2-D.Moore up the middle to WAS 1 for 6 yards (4-F.Luvu).,7,900,2700,0.337650478,-0.021686316,0.212551415,run,NA,NA,0,NA,NA,6,0.698648642,0,6,6,3,3,WAS 35,WAS 1,FUMBLE,TOUCHDOWN,2:41,5,Half1,0,WAS 7,0,6
5,Touchdown,16,Touchdown,1,1,1,0,0,2025_06_CHI_WAS,1028,WAS,CHI,1,0,1,C.Williams,6.108868533,0.891131467,1,NA,C.Williams,NA,CHI,2,2,14:22,"(14:22) (Shotgun) 18-C.Williams right end for 1 yard, TOUCHDOWN.",1,862,2662,0.315964162,0.003172915,0.198337615,run,NA,NA,0,NA,NA,1,0.891131467,0,12,6,3,3,WAS 35,WAS 1,FUMBLE,TOUCHDOWN,2:41,5,Half1,0,WAS 1,0,6
5,Touchdown,16,Touchdown,1,15,0,0,0,2025_06_CHI_WAS,1051,WAS,CHI,0,0,0,NA,0.932426997,0.067573003,1,NA,NA,NA,CHI,NA,2,14:18,"16-J.Moody extra point is GOOD, Center-46-S.Daly, Holder-19-T.Taylor.",0,858,2658,0.319137077,-0.003455918,0.196503629,extra_point,NA,NA,0,NA,NA,0,0.067573003,0,13,12,3,3,WAS 35,WAS 1,FUMBLE,TOUCHDOWN,2:41,5,Half1,0,WAS 15,0,6
6,Touchdown,17,First down,1,35,0,0,0,2025_06_CHI_WAS,1066,WAS,CHI,0,0,0,NA,1.203404192,0.539310986,1,NA,NA,NA,WAS,NA,2,14:18,"16-J.Moody kicks 65 yards from CHI 35 to end zone, Touchback to the WAS 35.",0,858,2658,0.315681159,0.02168557,0.193609864,kickoff,NA,NA,0,NA,NA,0,0.539310986,0,13,-13,3,3,WAS 35,CHI 22,KICKOFF,TOUCHDOWN,4:50,8,Half1,0,CHI 35,0,6
6,Touchdown,17,First down,1,65,0,0,0,2025_06_CHI_WAS,1090,WAS,CHI,1,0,0,J.Croskey-Merritt,1.742715178,-0.320103564,0,NA,J.Croskey-Merritt,NA,WAS,1,2,14:18,(14:18) (Shotgun) 22-J.Croskey-Merritt right guard to WAS 37 for 2 yards (49-T.Edmunds; 99-G.Dexter).,10,858,2658,0.33736673,-0.009398609,0.20455952,run,NA,NA,0,NA,NA,2,-0.320103564,0,13,-13,3,3,WAS 35,CHI 22,KICKOFF,TOUCHDOWN,4:50,8,Half1,0,WAS 35,0,6
6,Touchdown,17,First down,1,63,0,0,0,2025_06_CHI_WAS,1112,WAS,CHI,0,1,1,J.Daniels,1.422611614,1.218622493,1,J.Daniels,NA,C.Moore,WAS,2,2,13:43,"(13:43) (No Huddle, Shotgun) 73-T.Scott reported in as eligible. 5-J.Daniels pass short left to 19-C.Moore to WAS 48 for 11 yards (26-N.Wright).",8,823,2623,0.327968121,0.019797742,0.197768107,pass,0.645634472,35.43655276,1,11,left,11,1.218622493,0,13,-13,3,3,WAS 35,CHI 22,KICKOFF,TOUCHDOWN,4:50,8,Half1,0,WAS 37,0,6
6,Touchdown,18,First down,1,52,0,0,0,2025_06_CHI_WAS,1139,WAS,CHI,1,0,0,J.Lane,2.641234107,0.261028992,1,NA,J.Lane,NA,WAS,1,2,13:05,"(13:05) (No Huddle, Shotgun) 83-J.Lane right end to CHI 45 for 7 yards (29-T.Stevenson; 6-K.Gordon).",10,785,2585,0.347765863,0.012304723,0.226336583,run,NA,NA,0,NA,NA,7,0.261028992,0,13,-13,3,3,WAS 35,CHI 22,KICKOFF,TOUCHDOWN,4:50,8,Half1,0,WAS 48,0,6
6,Touchdown,18,First down,1,45,0,0,0,2025_06_CHI_WAS,1161,WAS,CHI,1,0,0,J.Daniels,2.902263099,-1.328764837,0,NA,J.Daniels,NA,WAS,2,2,12:22,"(12:22) (No Huddle, Shotgun) 73-T.Scott reported in as eligible. 5-J.Daniels right end pushed ob at CHI 48 for -3 yards (31-K.Byard, 49-T.Edmunds).",3,742,2542,0.360070586,-0.033500224,0.231027335,run,NA,NA,0,NA,NA,-3,-1.328764837,0,13,-13,3,3,WAS 35,CHI 22,KICKOFF,TOUCHDOWN,4:50,8,Half1,0,CHI 45,0,6
6,Touchdown,18,First down,1,48,0,0,0,2025_06_CHI_WAS,1190,WAS,CHI,0,1,1,J.Daniels,1.573498261,2.169899967,1,J.Daniels,NA,Z.Ertz,WAS,3,2,11:46,"(11:46) (No Huddle, Shotgun) 5-J.Daniels pass incomplete short right to 86-Z.Ertz. PENALTY on CHI-26-N.Wright, Face Mask, 15 yards, enforced at CHI 48 - No Play.",6,706,2506,0.326570362,0.037829459,0.203178242,no_play,NA,NA,0,NA,NA,0,2.169899967,0,13,-13,3,3,WAS 35,CHI 22,KICKOFF,TOUCHDOWN,4:50,8,Half1,0,CHI 48,1,6
6,Touchdown,19,First down,1,33,0,0,0,2025_06_CHI_WAS,1224,WAS,CHI,0,1,0,J.Daniels,3.743398228,0.422604052,1,J.Daniels,NA,NA,WAS,1,2,11:41,"(11:41) (No Huddle, Shotgun) 73-T.Scott reported in as eligible. 5-J.Daniels scrambles up the middle to CHI 26 for 7 yards (44-N.Sewell).",10,701,2501,0.364399821,0.038560539,0.24474293,run,NA,NA,0,NA,NA,7,0.422604052,0,13,-13,3,3,WAS 35,CHI 22,KICKOFF,TOUCHDOWN,4:50,8,Half1,0,CHI 33,0,6
6,Touchdown,19,First down,1,26,0,0,0,2025_06_CHI_WAS,1248,WAS,CHI,1,0,1,J.McNichols,4.166002281,0.380983275,1,NA,J.McNichols,NA,WAS,2,2,10:58,"(10:58) (No Huddle, Shotgun) 26-J.McNichols right guard to CHI 22 for 4 yards (53-T.Edwards).",3,658,2458,0.40296036,0.016808718,0.257315636,run,NA,NA,0,NA,NA,4,0.380983275,0,13,-13,3,3,WAS 35,CHI 22,KICKOFF,TOUCHDOWN,4:50,8,Half1,0,CHI 26,0,6
6,Touchdown,20,Touchdown,1,22,0,0,0,2025_06_CHI_WAS,1270,WAS,CHI,0,1,0,J.Daniels,4.546985556,-0.462206525,0,J.Daniels,NA,NA,WAS,1,2,10:14,"(10:14) (No Huddle, Shotgun) 5-J.Daniels sacked at CHI 29 for -7 yards. FUMBLES, and recovers at CHI 25. 5-J.Daniels to CHI 22 for 3 yards (91-Ch.Williams).",10,614,2414,0.419769078,-0.033500731,0.255732149,pass,NA,NA,0,NA,NA,0,-0.462206525,0,13,-13,3,3,WAS 35,CHI 22,KICKOFF,TOUCHDOWN,4:50,8,Half1,0,CHI 22,0,6
6,Touchdown,20,Touchdown,1,22,1,0,0,2025_06_CHI_WAS,1308,WAS,CHI,0,1,1,J.Daniels,4.084779031,2.915220969,1,J.Daniels,NA,C.Moore,WAS,2,2,9:33,"(9:33) (No Huddle, Shotgun) 5-J.Daniels pass deep left to 19-C.Moore for 22 yards, TOUCHDOWN.",10,573,2373,0.386268348,0.065806147,0.23548609,pass,0.302502602,69.74973977,1,22,left,22,2.915220969,6,13,-13,3,3,WAS 35,CHI 22,KICKOFF,TOUCHDOWN,4:50,8,Half1,0,CHI 22,0,6
6,Touchdown,20,Touchdown,1,15,0,0,0,2025_06_CHI_WAS,1343,WAS,CHI,0,0,0,NA,0.932426997,0.067573003,1,NA,NA,NA,WAS,NA,2,9:28,"16-M.Gay extra point is GOOD, Center-69-T.Ott, Holder-10-T.Way.",0,568,2368,0.452074494,0.000206921,0.318301755,extra_point,NA,NA,0,NA,NA,0,0.067573003,7,13,-7,3,3,WAS 35,CHI 22,KICKOFF,TOUCHDOWN,4:50,8,Half1,0,CHI 15,0,6
7,Turnover on downs,21,First down,1,35,0,0,0,2025_06_CHI_WAS,1358,WAS,CHI,0,0,0,NA,1.032512587,0.011988867,1,NA,NA,NA,CHI,NA,2,9:28,16-M.Gay kicks 62 yards from WAS 35 to CHI 3. 12-D.Duvernay to CHI 26 for 23 yards (0-M.Sainristil; 35-P.Butler).,0,568,2368,0.452281415,0.001284838,0.31718415,kickoff,NA,NA,0,NA,NA,0,0.011988867,7,13,6,3,3,CHI 26,WAS 31,KICKOFF,DOWNS,3:58,9,Half1,23,WAS 35,0,6
7,Turnover on downs,21,First down,1,74,0,0,0,2025_06_CHI_WAS,1388,WAS,CHI,1,0,0,O.Zaccheaus,1.044501453,-0.157476478,0,NA,O.Zaccheaus,NA,CHI,1,2,9:22,(9:22) 14-O.Zaccheaus left end to CHI 30 for 4 yards (2-M.Lattimore).,10,562,2362,0.453566253,0.002743542,0.31718415,run,NA,NA,0,NA,NA,4,-0.157476478,7,13,6,3,3,CHI 26,WAS 31,KICKOFF,DOWNS,3:58,9,Half1,0,CHI 26,0,6
7,Turnover on downs,21,First down,1,70,0,0,0,2025_06_CHI_WAS,1410,WAS,CHI,1,0,1,D.Swift,0.887024975,1.565180437,1,NA,D.Swift,NA,CHI,2,2,8:51,(8:51) 4-D.Swift right end ran ob at CHI 49 for 19 yards (20-Q.Martin).,6,531,2331,0.456309795,-0.038448095,0.329478741,run,NA,NA,0,NA,NA,19,1.565180437,7,13,6,3,3,CHI 26,WAS 31,KICKOFF,DOWNS,3:58,9,Half1,0,CHI 30,0,6
7,Turnover on downs,22,First down,1,51,0,0,0,2025_06_CHI_WAS,1437,WAS,CHI,1,0,0,R.Johnson,2.452205412,0.375759941,1,NA,R.Johnson,NA,CHI,1,2,8:17,(8:17) (Shotgun) 23-R.Johnson up the middle to WAS 45 for 6 yards (96-J.Holmes).,10,497,2297,0.4178617,-0.01121062,0.270715296,run,NA,NA,0,NA,NA,6,0.375759941,7,13,6,3,3,CHI 26,WAS 31,KICKOFF,DOWNS,3:58,9,Half1,0,CHI 49,0,6
7,Turnover on downs,22,First down,1,45,0,0,0,2025_06_CHI_WAS,1459,WAS,CHI,0,1,0,C.Williams,2.827965353,-0.578122674,0,C.Williams,NA,L.Burden,CHI,2,2,7:36,(7:36) 18-C.Williams pass short right to 10-L.Burden to WAS 44 for 1 yard (25-D.Savage).,4,456,2256,0.40665108,0.008001804,0.266237676,pass,0.863299489,13.6700511,1,-6,right,1,-0.578122674,7,13,6,3,3,CHI 26,WAS 31,KICKOFF,DOWNS,3:58,9,Half1,0,WAS 45,0,6
7,Turnover on downs,22,First down,1,44,0,0,0,2025_06_CHI_WAS,1484,WAS,CHI,0,1,1,C.Williams,2.249842679,1.021449572,1,C.Williams,NA,NA,CHI,3,2,7:03,(7:03) (Shotgun) 18-C.Williams scrambles right end ran ob at WAS 40 for 4 yards (25-D.Savage).,3,423,2223,0.414652884,-0.050140321,0.270098805,run,NA,NA,0,NA,NA,4,1.021449572,7,13,6,3,3,CHI 26,WAS 31,KICKOFF,DOWNS,3:58,9,Half1,0,WAS 44,0,6
7,Turnover on downs,23,Turnover on downs,0,40,0,0,0,2025_06_CHI_WAS,1511,WAS,CHI,0,1,0,C.Williams,3.271292251,-0.343673781,0,C.Williams,NA,D.Swift,CHI,1,2,6:26,"(6:26) 18-C.Williams pass short left to 4-D.Swift to WAS 39 for 1 yard (0-M.Sainristil). Washington challenged the pass completion ruling, and the play was REVERSED. 18-C.Williams pass incomplete short left to 4-D.Swift.",10,386,2186,0.364512563,0.018794,0.246452749,pass,0.868596971,-86.8596971,0,-5,left,0,-0.343673781,7,13,6,3,3,CHI 26,WAS 31,KICKOFF,DOWNS,3:58,9,Half1,0,WAS 40,0,6
7,Turnover on downs,23,Turnover on downs,0,NA,0,0,0,2025_06_CHI_WAS,1588,WAS,CHI,0,0,0,NA,2.92761847,0,0,NA,NA,NA,NA,NA,2,6:23,Timeout #1 by WAS at 06:23.,0,383,2183,0.383306563,0,0.258191884,no_play,NA,NA,0,NA,NA,0,0,7,13,NA,NA,NA,CHI 26,WAS 31,KICKOFF,DOWNS,3:58,9,Half1,0,WAS 40,0,6
7,Turnover on downs,23,Turnover on downs,0,40,0,0,0,2025_06_CHI_WAS,1536,WAS,CHI,0,1,0,C.Williams,2.92761847,-0.716084029,0,C.Williams,NA,O.Zaccheaus,CHI,2,2,6:23,(6:23) (Shotgun) 18-C.Williams pass incomplete short right to 14-O.Zaccheaus [55-J.Martin].,10,383,2183,0.383306563,0.023922145,0.258191884,pass,0.411371022,-41.13710225,0,10,right,0,-0.716084029,7,13,6,3,2,CHI 26,WAS 31,KICKOFF,DOWNS,3:58,9,Half1,0,WAS 40,0,6
7,Turnover on downs,23,Turnover on downs,0,40,0,0,0,2025_06_CHI_WAS,1606,WAS,CHI,1,0,0,D.Swift,2.211534442,0.203668017,1,NA,D.Swift,NA,CHI,3,2,6:20,(6:20) (Shotgun) 4-D.Swift left end to WAS 31 for 9 yards (94-D.Payne; 0-M.Sainristil).,10,380,2180,0.407228708,-0.031439245,0.274552643,run,NA,NA,0,NA,NA,9,0.203668017,7,13,6,3,2,CHI 26,WAS 31,KICKOFF,DOWNS,3:58,9,Half1,0,WAS 40,0,6
7,Turnover on downs,23,Turnover on downs,0,31,0,0,0,2025_06_CHI_WAS,1628,WAS,CHI,0,1,0,C.Williams,2.415202458,-3.506591158,0,C.Williams,NA,R.Odunze,CHI,4,2,5:35,(5:35) 18-C.Williams pass incomplete short left to 15-R.Odunze (4-F.Luvu).,1,335,2135,0.375789464,0.119935483,0.274537146,pass,0.732281804,-73.22818041,0,3,left,0,-3.506591158,7,13,6,3,2,CHI 26,WAS 31,KICKOFF,DOWNS,3:58,9,Half1,0,WAS 31,0,6
8,Missed field goal,24,First down,1,69,0,0,0,2025_06_CHI_WAS,1651,WAS,CHI,0,1,0,J.Daniels,1.091388699,0.194063029,1,J.Daniels,NA,J.Croskey-Merritt,WAS,1,2,5:30,(5:30) (Shotgun) 5-J.Daniels pass short middle to 22-J.Croskey-Merritt to WAS 38 for 7 yards (53-T.Edwards; 49-T.Edmunds). CHI-44-N.Sewell was injured during the play.,10,330,2130,0.495724946,0.008428186,0.389538705,pass,0.800419092,19.95809078,1,5,middle,7,0.194063029,7,13,-6,2,3,WAS 31,CHI 32,DOWNS,MISSED_FG,4:20,10,Half1,0,WAS 31,0,6
8,Missed field goal,24,First down,1,62,0,0,0,2025_06_CHI_WAS,1686,WAS,CHI,1,0,1,J.Croskey-Merritt,1.285451728,0.373469328,1,NA,J.Croskey-Merritt,NA,WAS,2,2,4:49,(4:49) 22-J.Croskey-Merritt right guard to WAS 42 for 4 yards (95-S.Turner).,3,289,2089,0.504153132,-0.016496539,0.415102243,run,NA,NA,0,NA,NA,4,0.373469328,7,13,-6,2,3,WAS 31,CHI 32,DOWNS,MISSED_FG,4:20,10,Half1,0,WAS 38,0,6
8,Missed field goal,25,First down,1,58,0,0,0,2025_06_CHI_WAS,1715,WAS,CHI,1,0,1,J.Croskey-Merritt,1.658921056,0.688283251,1,NA,J.Croskey-Merritt,NA,WAS,1,2,4:14,"(4:14) (No Huddle, Shotgun) 22-J.Croskey-Merritt right end pushed ob at CHI 47 for 11 yards (49-T.Edmunds).",10,254,2054,0.487656593,-0.001681685,0.409115702,run,NA,NA,0,NA,NA,11,0.688283251,7,13,-6,2,3,WAS 31,CHI 32,DOWNS,MISSED_FG,4:20,10,Half1,0,WAS 42,0,6
8,Missed field goal,26,First down,1,47,0,0,0,2025_06_CHI_WAS,1747,WAS,CHI,1,0,0,J.Croskey-Merritt,2.347204307,-0.432775433,0,NA,J.Croskey-Merritt,NA,WAS,1,2,3:36,"(3:36) (No Huddle, Shotgun) 73-T.Scott reported in as eligible. 22-J.Croskey-Merritt right end to CHI 45 for 2 yards (53-T.Edwards).",10,216,2016,0.485974908,-0.007590353,0.432499319,run,NA,NA,0,NA,NA,2,-0.432775433,7,13,-6,2,3,WAS 31,CHI 32,DOWNS,MISSED_FG,4:20,10,Half1,0,CHI 47,0,6
8,Missed field goal,26,First down,1,45,0,0,0,2025_06_CHI_WAS,1778,WAS,CHI,0,1,0,J.Daniels,1.914428874,-0.413263318,0,J.Daniels,NA,NA,WAS,2,2,2:57,"(2:57) (No Huddle, Shotgun) 5-J.Daniels sacked ob at CHI 45 for 0 yards (99-G.Dexter).",8,177,1977,0.478384554,-0.029890388,0.419524491,pass,NA,NA,0,NA,NA,0,-0.413263318,7,13,-6,2,3,WAS 31,CHI 32,DOWNS,MISSED_FG,4:20,10,Half1,0,CHI 45,0,6
8,Missed field goal,26,First down,1,45,0,0,0,2025_06_CHI_WAS,1812,WAS,CHI,0,1,1,J.Daniels,1.501165556,1.57522361,1,J.Daniels,NA,Z.Ertz,WAS,3,2,2:21,"(2:21) (No Huddle, Shotgun) 5-J.Daniels pass short middle to 86-Z.Ertz to CHI 35 for 10 yards (9-J.Brisker).",8,141,1941,0.448494166,0.05989036,0.3765513,pass,0.668876886,33.11231136,1,10,middle,10,1.57522361,7,13,-6,2,3,WAS 31,CHI 32,DOWNS,MISSED_FG,4:20,10,Half1,0,CHI 45,0,6
8,Missed field goal,27,Missed field goal,0,35,0,0,0,2025_06_CHI_WAS,1837,WAS,CHI,0,1,0,J.Daniels,3.076389166,-0.64915884,0,J.Daniels,NA,D.Samuel,WAS,1,2,2:00,(2:00) (Shotgun) 73-T.Scott reported in as eligible. 5-J.Daniels pass short left to 1-D.Samuel to CHI 37 for -2 yards (26-N.Wright).,10,120,1920,0.508384526,-0.030766755,0.443707407,pass,0.87128371,12.871629,1,-5,left,-2,-0.64915884,7,13,-6,2,3,WAS 31,CHI 32,DOWNS,MISSED_FG,4:20,10,Half1,0,CHI 35,0,6
8,Missed field goal,27,Missed field goal,0,37,0,0,0,2025_06_CHI_WAS,1871,WAS,CHI,0,1,0,J.Daniels,2.427230325,-0.066997251,0,J.Daniels,NA,Z.Ertz,WAS,2,2,1:25,"(1:25) (No Huddle, Shotgun) 5-J.Daniels pass short left to 86-Z.Ertz to CHI 34 for 3 yards (26-N.Wright).",12,85,1885,0.47761777,-0.003044993,0.41838786,pass,0.783518434,21.64815664,1,3,left,3,-0.066997251,7,13,-6,2,3,WAS 31,CHI 32,DOWNS,MISSED_FG,4:20,10,Half1,0,CHI 37,0,6
8,Missed field goal,27,Missed field goal,0,NA,0,0,0,2025_06_CHI_WAS,1908,WAS,CHI,0,0,0,NA,2.360233074,0,0,NA,NA,NA,NA,NA,2,1:20,Timeout #1 by CHI at 01:20.,0,80,1880,0.474572778,0,0.39249745,no_play,NA,NA,0,NA,NA,0,0,7,13,NA,NA,NA,WAS 31,CHI 32,DOWNS,MISSED_FG,4:20,10,Half1,0,CHI 34,0,6
8,Missed field goal,27,Missed field goal,0,34,0,0,0,2025_06_CHI_WAS,1896,WAS,CHI,0,1,0,J.Daniels,2.360233074,-0.813824602,0,J.Daniels,NA,J.McNichols,WAS,3,2,1:20,(1:20) (Shotgun) 5-J.Daniels pass short right to 26-J.McNichols to CHI 32 for 2 yards (53-T.Edwards; 49-T.Edmunds).,9,80,1880,0.474572778,-0.027444273,0.39249745,pass,0.868787646,13.12123537,1,-4,right,2,-0.813824602,7,13,-6,2,2,WAS 31,CHI 32,DOWNS,MISSED_FG,4:20,10,Half1,0,CHI 34,0,6
8,Missed field goal,27,Missed field goal,0,NA,0,0,0,2025_06_CHI_WAS,1940,WAS,CHI,0,0,0,NA,1.546408473,0,0,NA,NA,NA,NA,NA,2,1:14,Timeout #2 by CHI at 01:14.,0,74,1874,0.447128505,0,0.367157191,no_play,NA,NA,0,NA,NA,0,0,7,13,NA,NA,NA,WAS 31,CHI 32,DOWNS,MISSED_FG,4:20,10,Half1,0,CHI 32,0,6
8,Missed field goal,27,Missed field goal,0,32,0,0,0,2025_06_CHI_WAS,1928,WAS,CHI,0,0,0,NA,1.546408473,-3.065717413,0,NA,NA,NA,WAS,4,2,1:14,"(1:14) 16-M.Gay 50 yard field goal is No Good, Hit Left Upright, Center-69-T.Ott, Holder-10-T.Way.",7,74,1874,0.447128505,-0.095287412,0.367157191,field_goal,NA,NA,0,NA,NA,0,-3.065717413,7,13,-6,2,1,WAS 31,CHI 32,DOWNS,MISSED_FG,4:20,10,Half1,0,CHI 32,0,6
9,Punt,28,Punt,0,60,0,0,0,2025_06_CHI_WAS,1956,WAS,CHI,0,1,0,C.Williams,1.51930894,-0.356821592,0,C.Williams,NA,D.Moore,CHI,1,2,1:10,(1:10) (Shotgun) 18-C.Williams pass incomplete deep right to 2-D.Moore (23-T.Amos).,10,70,1870,0.351841092,0.016520262,0.243528068,pass,0.442626089,-44.26260889,0,23,right,0,-0.356821592,7,13,6,1,2,CHI 40,CHI 38,MISSED_FG,PUNT,0:51,3,Half1,0,CHI 40,0,6
9,Punt,28,Punt,0,60,0,0,0,2025_06_CHI_WAS,1979,WAS,CHI,0,1,0,C.Williams,1.162487349,-0.222220468,0,C.Williams,NA,C.Loveland,CHI,2,2,1:05,(1:05) (Shotgun) 18-C.Williams pass short left to 84-C.Loveland to CHI 45 for 5 yards (39-J.Reaves).,10,65,1865,0.368361354,0.027688682,0.257291794,pass,0.758448541,24.15514588,1,5,left,5,-0.222220468,7,13,6,1,2,CHI 40,CHI 38,MISSED_FG,PUNT,0:51,3,Half1,0,CHI 40,0,6
9,Punt,28,Punt,0,55,0,0,0,2025_06_CHI_WAS,2004,WAS,CHI,0,1,0,C.Williams,0.94026688,-0.919004362,0,C.Williams,NA,NA,CHI,3,2,0:35,(:35) (Shotgun) 18-C.Williams sacked at CHI 38 for -7 yards (4-F.Luvu).,5,35,1835,0.396050036,0.037467778,0.260418475,pass,NA,NA,0,NA,NA,-7,-0.919004362,7,13,6,1,2,CHI 40,CHI 38,MISSED_FG,PUNT,0:51,3,Half1,0,CHI 45,0,6
9,Punt,28,Punt,0,NA,0,0,0,2025_06_CHI_WAS,2036,WAS,CHI,0,0,0,NA,0.021262518,0,0,NA,NA,NA,NA,NA,2,0:25,Timeout #2 by WAS at 00:25.,0,25,1825,0.433517814,0,0.306592524,no_play,NA,NA,0,NA,NA,0,0,7,13,NA,NA,NA,CHI 40,CHI 38,MISSED_FG,PUNT,0:51,3,Half1,0,CHI 38,0,6
9,Punt,28,Punt,0,62,0,0,0,2025_06_CHI_WAS,2024,WAS,CHI,0,0,0,NA,0.021262518,-0.021262518,0,NA,NA,NA,CHI,4,2,0:25,"(:25) 19-T.Taylor punts 53 yards to WAS 9, Center-46-S.Daly, out of bounds.",12,25,1825,0.433517814,-0.060881078,0.306592524,punt,NA,NA,0,NA,NA,0,-0.021262518,7,13,6,1,1,CHI 40,CHI 38,MISSED_FG,PUNT,0:51,3,Half1,0,CHI 38,0,6
10,End of half,29,QB kneel,0,91,0,0,0,2025_06_CHI_WAS,2050,WAS,CHI,0,0,0,J.Daniels,0,0,0,NA,J.Daniels,NA,WAS,1,2,0:19,(:19) 5-J.Daniels kneels to WAS 8 for -1 yards.,10,19,1819,0.372636735,0.060896963,0.342973113,qb_kneel,NA,NA,0,NA,NA,-1,0,7,13,-6,1,1,WAS 9,WAS 9,PUNT,END_HALF,0:19,1,Half1,0,WAS 9,0,6
10,End of half,29,QB kneel,0,NA,NA,NA,NA,2025_06_CHI_WAS,2072,WAS,CHI,0,0,0,NA,NA,NA,NA,NA,NA,NA,NA,NA,2,0:00,END QUARTER 2,0,0,1800,0.433533698,0,0.334109396,NA,NA,NA,NA,NA,NA,NA,NA,7,13,NA,NA,NA,WAS 9,WAS 9,PUNT,END_HALF,0:19,1,Half1,NA,CHI 35,NA,6
11,Field goal,30,First down,1,35,0,0,0,2025_06_CHI_WAS,2092,WAS,CHI,0,0,0,NA,1.474097768,0.948867895,1,NA,NA,NA,WAS,NA,3,15:00,16-J.Moody kicks 61 yards from CHI 35 to WAS 4. 11-L.McCaffrey to WAS 40 for 36 yards (36-J.Owens; 92-D.Hardy).,0,900,1800,0.433533698,0.033543438,0.334109396,kickoff,NA,NA,0,NA,NA,0,0.948867895,7,13,-6,3,3,WAS 40,CHI 35,KICKOFF,FIELD_GOAL,3:01,8,Half2,36,CHI 35,0,6
11,Field goal,30,First down,1,60,0,0,0,2025_06_CHI_WAS,2115,WAS,CHI,0,1,0,J.Daniels,2.422965663,0.823020737,1,J.Daniels,NA,Z.Ertz,WAS,1,3,14:53,(14:53) (Shotgun) 5-J.Daniels pass short right to 86-Z.Ertz to WAS 49 for 9 yards (49-T.Edmunds).,10,893,1793,0.467077136,0.015223235,0.358270973,pass,0.766010284,23.39897156,1,5,right,9,0.823020737,7,13,-6,3,3,WAS 40,CHI 35,KICKOFF,FIELD_GOAL,3:01,8,Half2,0,WAS 40,0,6
11,Field goal,30,First down,1,51,0,0,0,2025_06_CHI_WAS,2140,WAS,CHI,1,0,1,J.Croskey-Merritt,3.2459864,0.141135831,1,NA,J.Croskey-Merritt,NA,WAS,2,3,14:22,"(14:22) (No Huddle, Shotgun) 22-J.Croskey-Merritt left end to CHI 44 for 7 yards (99-G.Dexter).",1,862,1762,0.482300371,0.011822551,0.394673854,run,NA,NA,0,NA,NA,7,0.141135831,7,13,-6,3,3,WAS 40,CHI 35,KICKOFF,FIELD_GOAL,3:01,8,Half2,0,WAS 49,0,6
11,Field goal,31,First down,1,44,0,0,0,2025_06_CHI_WAS,2162,WAS,CHI,0,1,0,J.Daniels,3.387122232,-0.518065071,0,J.Daniels,NA,C.Moore,WAS,1,3,13:43,"(13:43) (No Huddle, Shotgun) 5-J.Daniels pass incomplete short left to 19-C.Moore (26-N.Wright).",10,823,1723,0.494122922,-0.01877293,0.394281983,pass,0.758450985,-75.8450985,0,6,left,0,-0.518065071,7,13,-6,3,3,WAS 40,CHI 35,KICKOFF,FIELD_GOAL,3:01,8,Half2,0,CHI 44,0,6
11,Field goal,31,First down,1,44,0,0,0,2025_06_CHI_WAS,2185,WAS,CHI,0,1,1,J.Daniels,2.86905716,1.520050054,1,J.Daniels,NA,NA,WAS,2,3,13:39,"(13:39) (No Huddle, Shotgun) 5-J.Daniels scrambles right end ran ob at CHI 29 for 15 yards (53-T.Edwards).",10,819,1719,0.475349993,0.046571523,0.375788897,run,NA,NA,0,NA,NA,15,1.520050054,7,13,-6,3,3,WAS 40,CHI 35,KICKOFF,FIELD_GOAL,3:01,8,Half2,0,CHI 44,0,6
11,Field goal,32,Field goal,0,29,0,0,0,2025_06_CHI_WAS,2217,WAS,CHI,1,0,0,J.Croskey-Merritt,4.389107215,-0.165329427,0,NA,J.Croskey-Merritt,NA,WAS,1,3,12:57,"(12:57) (No Huddle, Shotgun) 22-J.Croskey-Merritt left guard to CHI 25 for 4 yards (53-T.Edwards).",10,777,1677,0.521921515,-0.00019902,0.409282714,run,NA,NA,0,NA,NA,4,-0.165329427,7,13,-6,3,3,WAS 40,CHI 35,KICKOFF,FIELD_GOAL,3:01,8,Half2,0,CHI 29,0,6
11,Field goal,32,Field goal,0,25,0,0,0,2025_06_CHI_WAS,2239,WAS,CHI,0,1,0,J.Daniels,4.223777788,-2.059673104,0,J.Daniels,NA,NA,WAS,2,3,12:13,"(12:13) (No Huddle, Shotgun) 5-J.Daniels pass incomplete deep right. PENALTY on WAS-5-J.Daniels, Intentional Grounding, 10 yards, enforced at CHI 25.",6,733,1633,0.521722496,-0.081835777,0.434859306,pass,NA,NA,0,20,right,0,-2.059673104,7,13,-6,3,3,WAS 40,CHI 35,KICKOFF,FIELD_GOAL,3:01,8,Half2,0,CHI 25,1,6
11,Field goal,32,Field goal,0,35,0,0,0,2025_06_CHI_WAS,2273,WAS,CHI,0,1,0,J.Daniels,2.164104684,-1.492430782,0,J.Daniels,NA,J.McNichols,WAS,3,3,12:07,(12:07) (Shotgun) 5-J.Daniels pass incomplete short left to 26-J.McNichols.,16,727,1627,0.439886719,-0.0363217,0.322441965,pass,0.777505338,-77.75053382,0,4,left,0,-1.492430782,7,13,-6,3,3,WAS 40,CHI 35,KICKOFF,FIELD_GOAL,3:01,8,Half2,0,CHI 35,0,6
11,Field goal,32,Field goal,0,35,0,0,0,2025_06_CHI_WAS,2308,WAS,CHI,0,0,0,NA,0.671673901,2.328326099,1,NA,NA,NA,WAS,4,3,12:03,"(12:03) 16-M.Gay 53 yard field goal is GOOD, Center-69-T.Ott, Holder-10-T.Way.",16,723,1623,0.403565019,0.085891873,0.287044525,field_goal,NA,NA,0,NA,NA,0,2.328326099,10,13,-6,3,3,WAS 40,CHI 35,KICKOFF,FIELD_GOAL,3:01,8,Half2,0,CHI 35,0,6
12,Field goal,33,First down,1,35,0,0,0,2025_06_CHI_WAS,2328,WAS,CHI,0,0,0,NA,0.881289457,-0.753931786,0,NA,NA,NA,CHI,NA,3,11:59,"16-M.Gay kicks 62 yards from WAS 35 to CHI 3. 12-D.Duvernay to CHI 27 for 24 yards (35-P.Butler). PENALTY on CHI-90-D.Robinson, Illegal Block Above the Waist, 10 yards, enforced at CHI 25.",0,719,1619,0.489456892,0.016806185,0.411667049,kickoff,NA,NA,0,NA,NA,0,-0.753931786,10,13,3,3,3,CHI 15,WAS 23,KICKOFF,FIELD_GOAL,3:54,8,Half2,22,WAS 35,1,6
12,Field goal,33,First down,1,85,0,0,0,2025_06_CHI_WAS,2374,WAS,CHI,0,1,0,C.Williams,0.127357671,-0.61668887,0,C.Williams,NA,C.Kmet,CHI,1,3,11:54,(11:54) 18-C.Williams pass incomplete deep right to 85-C.Kmet.,10,714,1614,0.506263077,0.016786695,0.428164005,pass,0.406022787,-40.60227871,0,25,right,0,-0.61668887,10,13,3,3,3,CHI 15,WAS 23,KICKOFF,FIELD_GOAL,3:54,8,Half2,0,CHI 15,0,6
12,Field goal,33,First down,1,85,0,0,0,2025_06_CHI_WAS,2397,WAS,CHI,0,1,1,C.Williams,-0.4893312,0.936665312,1,C.Williams,NA,K.Monangai,CHI,2,3,11:48,"(11:48) (Shotgun) 18-C.Williams pass short right to 25-K.Monangai to CHI 16 for 1 yard (20-Q.Martin; 4-F.Luvu). PENALTY on WAS-0-M.Sainristil, Illegal Contact, 5 yards, enforced at CHI 15 - No Play.",10,708,1608,0.523049772,-0.022324353,0.44111681,no_play,NA,NA,0,NA,NA,0,0.936665312,10,13,3,3,3,CHI 15,WAS 23,KICKOFF,FIELD_GOAL,3:54,8,Half2,0,CHI 15,1,6
12,Field goal,34,First down,1,80,0,0,0,2025_06_CHI_WAS,2433,WAS,CHI,1,0,0,K.Monangai,0.447334113,0.433524251,1,NA,K.Monangai,NA,CHI,1,3,11:33,(11:33) 25-K.Monangai left tackle to CHI 27 for 7 yards (52-P.Smith; 94-D.Payne).,10,693,1593,0.500725418,-0.014064878,0.417478919,run,NA,NA,0,NA,NA,7,0.433524251,10,13,3,3,3,CHI 15,WAS 23,KICKOFF,FIELD_GOAL,3:54,8,Half2,0,CHI 20,0,6
12,Field goal,34,First down,1,73,0,0,0,2025_06_CHI_WAS,2455,WAS,CHI,0,1,1,C.Williams,0.880858364,1.543806623,1,C.Williams,NA,R.Odunze,CHI,2,3,11:04,(11:04) 18-C.Williams pass short right to 15-R.Odunze to CHI 48 for 21 yards (23-T.Amos).,3,664,1564,0.48666054,-0.051104128,0.414276898,pass,0.745486796,25.45132041,1,4,right,21,1.543806623,10,13,3,3,3,CHI 15,WAS 23,KICKOFF,FIELD_GOAL,3:54,8,Half2,0,CHI 27,0,6
12,Field goal,35,First down,1,52,0,0,0,2025_06_CHI_WAS,2480,WAS,CHI,0,1,1,C.Williams,2.424664986,2.459589073,1,C.Williams,NA,L.Burden,CHI,1,3,10:18,(10:18) 18-C.Williams pass deep right to 10-L.Burden pushed ob at WAS 15 for 37 yards (0-M.Sainristil; 20-Q.Martin).,10,618,1518,0.435556412,-0.085659206,0.336227119,pass,0.469412088,53.05879116,1,22,right,37,2.459589073,10,13,3,3,3,CHI 15,WAS 23,KICKOFF,FIELD_GOAL,3:54,8,Half2,0,CHI 48,0,6
12,Field goal,36,Field goal,0,15,0,0,0,2025_06_CHI_WAS,2510,WAS,CHI,1,0,0,K.Monangai,4.884254059,-0.219868761,0,NA,K.Monangai,NA,CHI,1,3,9:34,(9:34) 25-K.Monangai up the middle to WAS 11 for 4 yards (23-T.Amos; 4-F.Luvu). ** Injury Update: WAS-92-D.Armstrong has returned to the game.,10,574,1474,0.349897206,-0.017331362,0.287180364,run,NA,NA,0,NA,NA,4,-0.219868761,10,13,3,3,3,CHI 15,WAS 23,KICKOFF,FIELD_GOAL,3:54,8,Half2,0,WAS 15,0,6
12,Field goal,36,Field goal,0,11,0,0,0,2025_06_CHI_WAS,2532,WAS,CHI,0,1,0,C.Williams,4.664385298,-0.735469525,0,C.Williams,NA,C.Loveland,CHI,2,3,9:01,(9:01) (Shotgun) 18-C.Williams pass incomplete short left to 84-C.Loveland (0-M.Sainristil).,6,541,1441,0.332565844,0.026104152,0.277598143,pass,0.541056216,-54.10562158,0,6,left,0,-0.735469525,10,13,3,3,3,CHI 15,WAS 23,KICKOFF,FIELD_GOAL,3:54,8,Half2,0,WAS 11,0,6
12,Field goal,36,Field goal,0,11,0,0,0,2025_06_CHI_WAS,2558,WAS,CHI,0,1,0,C.Williams,3.928915773,-0.630083517,0,C.Williams,NA,R.Odunze,CHI,3,3,8:58,"(8:58) (Shotgun) 18-C.Williams pass short left to 15-R.Odunze for 11 yards, TOUCHDOWN NULLIFIED by Penalty. PENALTY on CHI-79-T.Benedet, Illegal Formation, 5 yards, enforced at WAS 11 - No Play.",6,538,1438,0.358669996,0.016086638,0.290603638,no_play,NA,NA,0,NA,NA,0,-0.630083517,10,13,3,3,3,CHI 15,WAS 23,KICKOFF,FIELD_GOAL,3:54,8,Half2,0,WAS 11,1,6
12,Field goal,36,Field goal,0,16,0,0,0,2025_06_CHI_WAS,2595,WAS,CHI,0,1,0,C.Williams,3.298832256,-0.999364427,0,C.Williams,NA,NA,CHI,3,3,8:52,(8:52) (Shotgun) 18-C.Williams sacked at WAS 23 for -7 yards (sack split by 92-D.Armstrong and 24-V.Miller).,11,532,1432,0.374756634,0.021951795,0.319895089,pass,NA,NA,0,NA,NA,-7,-0.999364427,10,13,3,3,3,CHI 15,WAS 23,KICKOFF,FIELD_GOAL,3:54,8,Half2,0,WAS 16,0,6
12,Field goal,36,Field goal,0,23,0,0,0,2025_06_CHI_WAS,2615,WAS,CHI,0,0,0,NA,2.299467829,0.700532171,1,NA,NA,NA,CHI,4,3,8:09,"(8:09) 16-J.Moody 41 yard field goal is GOOD, Center-46-S.Daly, Holder-19-T.Taylor.",18,489,1389,0.396708429,-0.016158432,0.377035677,field_goal,NA,NA,0,NA,NA,0,0.700532171,10,16,3,3,3,CHI 15,WAS 23,KICKOFF,FIELD_GOAL,3:54,8,Half2,0,WAS 23,0,6
13,Touchdown,37,First down,1,35,0,0,0,2025_06_CHI_WAS,2635,WAS,CHI,0,0,0,NA,1.422450127,-0.671094235,0,NA,NA,NA,WAS,NA,3,8:05,"16-J.Moody kicks 60 yards from CHI 35 to WAS 5. 11-L.McCaffrey pushed ob at WAS 45 for 40 yards (36-J.Owens). PENALTY on WAS-58-J.Magee, Illegal Blindside Block, 15 yards, enforced at WAS 31.",0,485,1385,0.380549997,-0.010938168,0.30626601,kickoff,NA,NA,0,NA,NA,0,-0.671094235,10,16,-6,3,3,WAS 16,CHI 33,KICKOFF,TOUCHDOWN,5:09,9,Half2,26,CHI 35,1,6
13,Touchdown,37,First down,1,84,0,0,0,2025_06_CHI_WAS,2681,WAS,CHI,1,0,0,J.Croskey-Merritt,0.751355892,0.447901629,1,NA,J.Croskey-Merritt,NA,WAS,1,3,7:57,(7:57) (Shotgun) 22-J.Croskey-Merritt left guard to WAS 24 for 8 yards (31-K.Byard).,10,477,1377,0.36961183,0.007939309,0.296284944,run,NA,NA,0,NA,NA,8,0.447901629,10,16,-6,3,3,WAS 16,CHI 33,KICKOFF,TOUCHDOWN,5:09,9,Half2,0,WAS 16,0,6
13,Touchdown,37,First down,1,76,0,0,0,2025_06_CHI_WAS,2703,WAS,CHI,1,0,1,J.Croskey-Merritt,1.19925752,0.324852666,1,NA,J.Croskey-Merritt,NA,WAS,2,3,7:17,"(7:17) (No Huddle, Shotgun) 73-T.Scott reported in as eligible. 22-J.Croskey-Merritt left tackle to WAS 27 for 3 yards (26-N.Wright; 31-K.Byard).",2,437,1337,0.377551138,-0.004834771,0.311006099,run,NA,NA,0,NA,NA,3,0.324852666,10,16,-6,3,3,WAS 16,CHI 33,KICKOFF,TOUCHDOWN,5:09,9,Half2,0,WAS 24,0,6
13,Touchdown,38,First down,1,73,0,0,0,2025_06_CHI_WAS,2728,WAS,CHI,0,1,1,J.Daniels,1.524110186,1.159977056,1,J.Daniels,NA,NA,WAS,1,3,6:40,"(6:40) (No Huddle, Shotgun) 5-J.Daniels scrambles right end ran ob at WAS 45 for 18 yards (24-N.McCloud; 49-T.Edmunds).",10,400,1300,0.372716367,0.043339729,0.308663368,run,NA,NA,0,NA,NA,18,1.159977056,10,16,-6,3,3,WAS 16,CHI 33,KICKOFF,TOUCHDOWN,5:09,9,Half2,0,WAS 27,0,6
13,Touchdown,39,First down,1,55,0,0,0,2025_06_CHI_WAS,2755,WAS,CHI,1,0,0,D.Samuel,2.684087242,-0.739446763,0,NA,D.Samuel,NA,WAS,1,3,5:58,"(5:58) (No Huddle, Shotgun) 1-D.Samuel left end to WAS 44 for -1 yards (95-S.Turner, 53-T.Edwards).",10,358,1258,0.416056097,-0.026236951,0.351669401,run,NA,NA,0,NA,NA,-1,-0.739446763,10,16,-6,3,3,WAS 16,CHI 33,KICKOFF,TOUCHDOWN,5:09,9,Half2,0,WAS 45,0,6
13,Touchdown,39,First down,1,56,0,0,0,2025_06_CHI_WAS,2777,WAS,CHI,0,1,0,J.Daniels,1.944640479,0.53263783,1,J.Daniels,NA,D.Samuel,WAS,2,3,5:19,"(5:19) (No Huddle, Shotgun) 5-J.Daniels pass short right to 1-D.Samuel to CHI 47 for 9 yards (24-N.McCloud).",11,319,1219,0.389819145,0.016921818,0.307870626,pass,0.766813815,23.31861854,1,5,right,9,0.53263783,10,16,-6,3,3,WAS 16,CHI 33,KICKOFF,TOUCHDOWN,5:09,9,Half2,0,WAS 44,0,6
13,Touchdown,39,First down,1,47,0,0,0,2025_06_CHI_WAS,2802,WAS,CHI,0,1,0,J.Daniels,2.477278308,-1.802310351,0,J.Daniels,NA,C.Moore,WAS,3,3,4:33,"(4:33) (No Huddle, Shotgun) 5-J.Daniels pass incomplete short left to 19-C.Moore.",2,273,1173,0.406740963,-0.044233412,0.341900289,pass,0.743815541,-74.38155413,0,4,left,0,-1.802310351,10,16,-6,3,3,WAS 16,CHI 33,KICKOFF,TOUCHDOWN,5:09,9,Half2,0,CHI 47,0,6
13,Touchdown,39,First down,1,47,0,0,0,2025_06_CHI_WAS,2830,WAS,CHI,0,1,1,J.Daniels,0.674967957,3.167155141,1,J.Daniels,NA,J.McNichols,WAS,4,3,4:30,"(4:30) (No Huddle, Shotgun) 5-J.Daniels pass short left to 26-J.McNichols to CHI 34 for 13 yards (90-D.Robinson).",2,270,1170,0.362507552,0.096934259,0.290382177,pass,0.639932215,36.00677848,1,8,left,13,3.167155141,10,16,-6,3,3,WAS 16,CHI 33,KICKOFF,TOUCHDOWN,5:09,9,Half2,0,CHI 47,0,6
13,Touchdown,40,Touchdown,1,34,0,0,0,2025_06_CHI_WAS,2855,WAS,CHI,1,0,0,J.Croskey-Merritt,3.842123098,-0.366328349,0,NA,J.Croskey-Merritt,NA,WAS,1,3,3:46,"(3:46) (No Huddle, Shotgun) 73-T.Scott reported in as eligible. 22-J.Croskey-Merritt right end to CHI 33 for 1 yard (91-Ch.Williams; 29-T.Stevenson).",10,226,1126,0.459441811,-0.022426933,0.372970164,run,NA,NA,0,NA,NA,1,-0.366328349,10,16,-6,3,3,WAS 16,CHI 33,KICKOFF,TOUCHDOWN,5:09,9,Half2,0,CHI 34,0,6
13,Touchdown,40,Touchdown,1,33,1,0,0,2025_06_CHI_WAS,2879,WAS,CHI,0,1,1,J.Daniels,3.475794749,3.524205251,1,J.Daniels,NA,L.McCaffrey,WAS,2,3,3:03,"(3:03) (Shotgun) 5-J.Daniels pass deep left to 11-L.McCaffrey for 33 yards, TOUCHDOWN.",9,183,1083,0.437014878,0.203563998,0.354856163,pass,0.4431234,55.68765998,1,20,left,33,3.524205251,16,16,-6,3,3,WAS 16,CHI 33,KICKOFF,TOUCHDOWN,5:09,9,Half2,0,CHI 33,0,6
13,Touchdown,40,Touchdown,1,15,0,0,0,2025_06_CHI_WAS,2905,WAS,CHI,0,0,0,NA,0.932426997,0.067573003,1,NA,NA,NA,WAS,NA,3,2:56,"16-M.Gay extra point is GOOD, Center-69-T.Ott, Holder-10-T.Way. PENALTY on CHI-24-N.McCloud, Defensive Offside, 5 yards, enforced between downs.",0,176,1076,0.640578876,0.00451987,0.543370406,extra_point,NA,NA,0,NA,NA,0,0.067573003,17,16,0,3,3,WAS 16,CHI 33,KICKOFF,TOUCHDOWN,5:09,9,Half2,0,CHI 15,1,6
14,Missed field goal,41,First down,1,40,0,0,0,2025_06_CHI_WAS,2931,WAS,CHI,0,0,0,NA,0.867559628,-0.289862594,0,NA,NA,NA,CHI,NA,3,2:56,16-M.Gay kicks 55 yards from WAS 40 to CHI 5. 12-D.Duvernay to CHI 23 for 18 yards (58-J.Magee; 80-C.Yankoff).,0,176,1076,0.645098746,0.002762645,0.544542253,kickoff,NA,NA,0,NA,NA,0,-0.289862594,17,16,-1,3,3,CHI 23,WAS 30,KICKOFF,"BLOCKED_FG,_DOWNS",3:01,7,Half2,18,WAS 40,0,6
14,Missed field goal,41,First down,1,77,0,0,0,2025_06_CHI_WAS,2977,WAS,CHI,1,0,0,D.Moore,0.577697034,0.066486705,1,NA,D.Moore,NA,CHI,1,3,2:52,(2:52) (Shotgun) 2-D.Moore right guard to CHI 27 for 4 yards (95-J.Newton).,10,172,1072,0.647861391,0.009127349,0.546392292,run,NA,NA,0,NA,NA,4,0.066486705,17,16,-1,3,3,CHI 23,WAS 30,KICKOFF,"BLOCKED_FG,_DOWNS",3:01,7,Half2,0,CHI 23,0,6
14,Missed field goal,41,First down,1,73,0,0,0,2025_06_CHI_WAS,2999,WAS,CHI,1,0,1,D.Swift,0.644183739,1.217740597,1,NA,D.Swift,NA,CHI,2,3,2:11,(2:11) 4-D.Swift right tackle to CHI 41 for 14 yards (55-J.Martin; 39-J.Reaves).,6,131,1031,0.65698874,-0.041317791,0.55736658,run,NA,NA,0,NA,NA,14,1.217740597,17,16,-1,3,3,CHI 23,WAS 30,KICKOFF,"BLOCKED_FG,_DOWNS",3:01,7,Half2,0,CHI 27,0,6
14,Missed field goal,42,First down,1,59,0,0,0,2025_06_CHI_WAS,3021,WAS,CHI,0,1,1,C.Williams,1.861924336,1.650027373,1,C.Williams,NA,K.Monangai,CHI,1,3,1:38,(1:38) 18-C.Williams pass short left to 25-K.Monangai to WAS 34 for 25 yards (23-T.Amos; 20-Q.Martin).,10,98,998,0.615670949,-0.053260446,0.514863193,pass,0.875721037,12.42789626,1,-4,left,25,1.650027373,17,16,-1,3,3,CHI 23,WAS 30,KICKOFF,"BLOCKED_FG,_DOWNS",3:01,7,Half2,0,CHI 41,0,6
14,Missed field goal,43,Missed field goal,0,34,0,0,0,2025_06_CHI_WAS,3046,WAS,CHI,0,1,0,C.Williams,3.511951709,-0.510228415,0,C.Williams,NA,O.Zaccheaus,CHI,1,3,0:48,(:48) 18-C.Williams pass incomplete short left to 14-O.Zaccheaus.,10,48,948,0.562410504,0.018252522,0.426747799,pass,0.580485046,-58.04850459,0,14,left,0,-0.510228415,17,16,-1,3,3,CHI 23,WAS 30,KICKOFF,"BLOCKED_FG,_DOWNS",3:01,7,Half2,0,WAS 34,0,6
14,Missed field goal,43,Missed field goal,0,34,0,0,0,2025_06_CHI_WAS,3069,WAS,CHI,0,1,0,C.Williams,3.001723295,0.73386074,1,C.Williams,NA,L.Burden,CHI,2,3,0:42,(:42) (Shotgun) 18-C.Williams pass short right to 10-L.Burden to WAS 25 for 9 yards (54-B.Wagner; 4-F.Luvu).,10,42,942,0.580663025,-0.020485073,0.449917734,pass,0.865455568,13.45444322,1,-5,right,9,0.73386074,17,16,-1,3,3,CHI 23,WAS 30,KICKOFF,"BLOCKED_FG,_DOWNS",3:01,7,Half2,0,WAS 34,0,6
14,Missed field goal,43,Missed field goal,0,25,0,0,0,2025_06_CHI_WAS,3094,WAS,CHI,1,0,0,C.Williams,3.735584034,-2.124219103,0,NA,C.Williams,NA,CHI,3,3,0:01,(:01) (Shotgun) 18-C.Williams up the middle to WAS 30 for -5 yards (20-Q.Martin).,1,1,901,0.560177952,0.082506269,0.42726171,run,NA,NA,0,NA,NA,-5,-2.124219103,17,16,-1,3,3,CHI 23,WAS 30,KICKOFF,"BLOCKED_FG,_DOWNS",3:01,7,Half2,0,WAS 25,0,6
14,Missed field goal,43,Missed field goal,0,NA,NA,NA,NA,2025_06_CHI_WAS,3142,WAS,CHI,0,0,0,NA,1.611364932,0,0,NA,NA,NA,CHI,NA,3,0:00,END QUARTER 3,0,0,900,0.642684221,0,0.542298079,NA,NA,NA,NA,NA,NA,NA,0,17,16,-1,3,3,CHI 23,WAS 30,KICKOFF,"BLOCKED_FG,_DOWNS",3:01,7,Half2,NA,WAS 30,NA,6
14,Missed field goal,43,Missed field goal,0,30,0,0,0,2025_06_CHI_WAS,3162,WAS,CHI,0,0,0,NA,1.611364932,-3.60900009,0,NA,NA,NA,CHI,4,4,15:00,"(15:00) 16-J.Moody 48 yard field goal is BLOCKED (94-D.Payne), Center-46-S.Daly, Holder-19-T.Taylor, recovered by CHI-16-J.Moody at WAS 37.",6,900,900,0.642684221,0.070809722,0.542298079,field_goal,NA,NA,0,NA,NA,0,-3.60900009,17,16,-1,3,3,CHI 23,WAS 30,KICKOFF,"BLOCKED_FG,_DOWNS",3:01,7,Half2,0,WAS 30,0,6
15,Touchdown,44,First down,1,63,0,0,0,2025_06_CHI_WAS,3198,WAS,CHI,1,0,0,J.Croskey-Merritt,1.997635158,-0.210925191,0,NA,J.Croskey-Merritt,NA,WAS,1,4,14:55,(14:55) (Shotgun) 73-T.Scott reported in as eligible. 22-J.Croskey-Merritt up the middle to WAS 41 for 4 yards (49-T.Edmunds; 53-T.Edwards).,10,895,895,0.713493943,-0.000543118,0.675884426,run,NA,NA,0,NA,NA,4,-0.210925191,17,16,1,3,3,WAS 37,CHI 6,"BLOCKED_FG,_DOWNS",TOUCHDOWN,3:28,6,Half2,0,WAS 37,0,6
15,Touchdown,44,First down,1,59,0,0,0,2025_06_CHI_WAS,3222,WAS,CHI,0,1,1,J.Daniels,1.786709967,1.019239217,1,J.Daniels,NA,Z.Ertz,WAS,2,4,14:12,"(14:12) (No Huddle, Shotgun) 5-J.Daniels pass short right to 86-Z.Ertz to CHI 48 for 11 yards (6-K.Gordon; 9-J.Brisker).",6,852,852,0.712950826,0.02567333,0.665459037,pass,0.757460475,24.2539525,1,4,right,11,1.019239217,17,16,1,3,3,WAS 37,CHI 6,"BLOCKED_FG,_DOWNS",TOUCHDOWN,3:28,6,Half2,0,WAS 41,0,6
15,Touchdown,45,First down,1,48,0,0,0,2025_06_CHI_WAS,3247,WAS,CHI,0,1,0,J.Daniels,2.805949184,-0.188044134,0,J.Daniels,NA,D.Samuel,WAS,1,4,13:50,"(13:50) (No Huddle, Shotgun) 5-J.Daniels pass short right to 1-D.Samuel to CHI 44 for 4 yards (98-M.Sweat).",10,830,830,0.738624156,-0.002390265,0.706468046,pass,0.774716496,22.52835035,1,4,right,4,-0.188044134,17,16,1,3,3,WAS 37,CHI 6,"BLOCKED_FG,_DOWNS",TOUCHDOWN,3:28,6,Half2,0,CHI 48,0,6
15,Touchdown,45,First down,1,44,NA,NA,NA,2025_06_CHI_WAS,3272,WAS,CHI,0,1,0,J.Daniels,2.61790505,-0.005343306,0,J.Daniels,NA,L.McCaffrey,WAS,2,4,13:06,"(13:06) (No Huddle, Shotgun) 5-J.Daniels pass short middle to 11-L.McCaffrey to CHI 29 for 15 yards (29-T.Stevenson). Penalty on CHI-6-K.Gordon, Defensive Offside, offsetting, enforced at CHI 44 - No Play. Penalty on WAS-71-A.Wylie, Ineligible Downfield Pass, offsetting.",6,786,786,0.73623389,0.00556916,0.690813363,no_play,NA,NA,NA,NA,NA,NA,-0.005343306,17,16,1,3,3,WAS 37,CHI 6,"BLOCKED_FG,_DOWNS",TOUCHDOWN,3:28,6,Half2,NA,CHI 44,NA,6
15,Touchdown,45,First down,1,44,0,0,0,2025_06_CHI_WAS,3308,WAS,CHI,0,1,1,J.Daniels,2.612561744,2.895155464,1,J.Daniels,NA,J.Lane,WAS,2,4,12:44,"(12:44) (No Huddle, Shotgun) 5-J.Daniels pass deep right to 83-J.Lane to CHI 7 for 37 yards (31-K.Byard). Penalty on CHI-9-J.Brisker, Defensive Holding, declined.",6,764,764,0.74180305,0.089027524,0.698702455,pass,0.360148758,63.98512423,1,27,right,37,2.895155464,17,16,1,3,3,WAS 37,CHI 6,"BLOCKED_FG,_DOWNS",TOUCHDOWN,3:28,6,Half2,0,CHI 44,0,6
15,Touchdown,46,Touchdown,1,7,0,0,0,2025_06_CHI_WAS,3344,WAS,CHI,1,0,0,J.Croskey-Merritt,5.507717209,-0.404873499,0,NA,J.Croskey-Merritt,NA,WAS,1,4,12:14,(12:14) (Shotgun) 22-J.Croskey-Merritt right tackle to CHI 6 for 1 yard (29-T.Stevenson; 49-T.Edmunds).,7,734,734,0.830830574,-0.022058129,0.786011338,run,NA,NA,0,NA,NA,1,-0.404873499,17,16,1,3,3,WAS 37,CHI 6,"BLOCKED_FG,_DOWNS",TOUCHDOWN,3:28,6,Half2,0,CHI 7,0,6
15,Touchdown,46,Touchdown,1,6,1,0,0,2025_06_CHI_WAS,3366,WAS,CHI,0,1,1,J.Daniels,5.10284371,1.89715629,1,J.Daniels,NA,Z.Ertz,WAS,2,4,11:31,"(11:31) (No Huddle, Shotgun) 5-J.Daniels pass short middle to 86-Z.Ertz for 6 yards, TOUCHDOWN.",6,691,691,0.808772445,0.079534775,0.774341583,pass,0.469816625,53.01833749,1,6,middle,6,1.89715629,23,16,1,3,3,WAS 37,CHI 6,"BLOCKED_FG,_DOWNS",TOUCHDOWN,3:28,6,Half2,0,CHI 6,0,6
15,Touchdown,46,Touchdown,1,15,0,0,0,2025_06_CHI_WAS,3392,WAS,CHI,0,0,0,NA,0.932426997,0.067573003,1,NA,NA,NA,WAS,NA,4,11:27,"16-M.Gay extra point is GOOD, Center-69-T.Ott, Holder-10-T.Way.",0,687,687,0.88830722,0.001153761,0.839665665,extra_point,NA,NA,0,NA,NA,0,0.067573003,24,16,7,3,3,WAS 37,CHI 6,"BLOCKED_FG,_DOWNS",TOUCHDOWN,3:28,6,Half2,0,CHI 15,0,6
16,Touchdown,47,Touchdown,1,35,0,0,0,2025_06_CHI_WAS,3407,WAS,CHI,0,0,0,NA,1.025267332,0.84075181,1,NA,NA,NA,CHI,NA,4,11:27,"16-M.Gay kicks 62 yards from WAS 35 to CHI 3. 12-D.Duvernay to CHI 34 for 31 yards (11-L.McCaffrey; 34-A.Hamilton). PENALTY on WAS-80-C.Yankoff, Illegal Formation, 5 yards, enforced at CHI 34.",0,687,687,0.889460981,-0.013607025,0.840337783,kickoff,NA,NA,0,NA,NA,0,0.84075181,24,16,-8,3,3,CHI 39,CHI 45,KICKOFF,TOUCHDOWN,1:01,3,Half2,31,WAS 35,1,6
16,Touchdown,47,Touchdown,1,61,0,0,0,2025_06_CHI_WAS,3448,WAS,CHI,1,0,0,D.Swift,1.866019142,0.273801763,1,NA,D.Swift,NA,CHI,1,4,11:20,(11:20) (Shotgun) 4-D.Swift left guard to CHI 45 for 6 yards (96-J.Holmes; 55-J.Martin).,10,680,680,0.875853956,-0.000137247,0.815787554,run,NA,NA,0,NA,NA,6,0.273801763,24,16,-8,3,3,CHI 39,CHI 45,KICKOFF,TOUCHDOWN,1:01,3,Half2,0,CHI 39,0,6
16,Touchdown,47,Touchdown,1,55,0,0,0,2025_06_CHI_WAS,3470,WAS,CHI,0,1,0,C.Williams,2.139820904,-0.823232679,0,C.Williams,NA,R.Odunze,CHI,2,4,10:44,(10:44) 18-C.Williams pass incomplete deep left to 15-R.Odunze (20-Q.Martin).,4,644,644,0.875716709,0.013361447,0.829048857,pass,0.239262223,-23.92622232,0,50,left,0,-0.823232679,24,16,-8,3,3,CHI 39,CHI 45,KICKOFF,TOUCHDOWN,1:01,3,Half2,0,CHI 45,0,6
16,Touchdown,47,Touchdown,1,55,1,0,0,2025_06_CHI_WAS,3498,WAS,CHI,0,1,1,C.Williams,1.316588226,5.683411774,1,C.Williams,NA,D.Swift,CHI,3,4,10:35,"(10:35) (Shotgun) 18-C.Williams pass short left to 4-D.Swift for 55 yards, TOUCHDOWN.",4,635,635,0.889078155,-0.210652855,0.850432947,pass,0.683643401,31.63565993,1,5,left,55,5.683411774,24,22,-8,3,3,CHI 39,CHI 45,KICKOFF,TOUCHDOWN,1:01,3,Half2,0,CHI 45,0,6
16,Touchdown,47,Touchdown,1,2,0,0,0,2025_06_CHI_WAS,3524,WAS,CHI,0,1,0,C.Williams,0.947,-0.947,0,C.Williams,NA,O.Zaccheaus,CHI,NA,4,10:26,TWO-POINT CONVERSION ATTEMPT. 18-C.Williams pass to 14-O.Zaccheaus is incomplete. ATTEMPT FAILS.,0,626,626,0.6784253,0.063760948,0.647477726,pass,NA,NA,0,NA,NA,0,-0.947,24,22,-2,3,3,CHI 39,CHI 45,KICKOFF,TOUCHDOWN,1:01,3,Half2,0,WAS 2,0,6
17,Punt,48,First down,1,35,0,0,0,2025_06_CHI_WAS,3537,WAS,CHI,0,0,0,NA,1.251170276,0.832678183,1,NA,NA,NA,WAS,NA,4,10:26,16-J.Moody kicks 62 yards from CHI 35 to WAS 3. 11-L.McCaffrey to WAS 40 for 37 yards (23-R.Johnson).,0,626,626,0.742186248,0.0283252,0.720458865,kickoff,NA,NA,0,NA,NA,0,0.832678183,24,22,2,3,3,WAS 40,CHI 39,KICKOFF,PUNT,2:29,5,Half2,37,CHI 35,0,6
17,Punt,48,First down,1,60,0,0,0,2025_06_CHI_WAS,3567,WAS,CHI,0,1,0,J.Daniels,2.083848458,-0.241960855,0,J.Daniels,NA,NA,WAS,1,4,10:19,(10:19) (Shotgun) 73-T.Scott reported in as eligible. 5-J.Daniels scrambles right end to WAS 43 for 3 yards (49-T.Edmunds).,10,619,619,0.770511448,5.54E-06,0.74948597,run,NA,NA,0,NA,NA,3,-0.241960855,24,22,2,3,3,WAS 40,CHI 39,KICKOFF,PUNT,2:29,5,Half2,0,WAS 40,0,6
17,Punt,48,First down,1,57,0,0,0,2025_06_CHI_WAS,3591,WAS,CHI,0,1,0,J.Daniels,1.841887604,-0.286695873,0,J.Daniels,NA,NA,WAS,2,4,9:33,"(9:33) (No Huddle, Shotgun) 5-J.Daniels scrambles right end pushed ob at WAS 46 for 3 yards (90-D.Robinson).",7,573,573,0.770516992,-0.017324805,0.735283375,run,NA,NA,0,NA,NA,3,-0.286695873,24,22,2,3,3,WAS 40,CHI 39,KICKOFF,PUNT,2:29,5,Half2,0,WAS 43,0,6
17,Punt,48,First down,1,54,0,0,0,2025_06_CHI_WAS,3618,WAS,CHI,0,1,1,J.Daniels,1.555191731,1.784679221,1,J.Daniels,NA,Z.Ertz,WAS,3,4,8:52,"(8:52) (No Huddle, Shotgun) 5-J.Daniels pass incomplete short middle to 86-Z.Ertz (53-T.Edwards). PENALTY on CHI-9-J.Brisker, Roughing the Passer, 15 yards, enforced at WAS 46 - No Play.",4,532,532,0.753192186,0.059908211,0.721059203,no_play,NA,NA,0,NA,NA,0,1.784679221,24,22,2,3,3,WAS 40,CHI 39,KICKOFF,PUNT,2:29,5,Half2,0,WAS 46,1,6
17,Punt,49,Punt,0,39,0,0,0,2025_06_CHI_WAS,3652,WAS,CHI,1,0,0,J.Croskey-Merritt,3.339870952,-0.5141003,0,NA,J.Croskey-Merritt,NA,WAS,1,4,8:48,"(8:48) (No Huddle, Shotgun) 22-J.Croskey-Merritt up the middle to CHI 39 for no gain (49-T.Edmunds).",10,528,528,0.813100398,-0.005506337,0.789453864,run,NA,NA,0,NA,NA,0,-0.5141003,24,22,2,3,3,WAS 40,CHI 39,KICKOFF,PUNT,2:29,5,Half2,0,CHI 39,0,6
17,Punt,49,Punt,0,39,0,0,0,2025_06_CHI_WAS,3674,WAS,CHI,0,1,0,J.Daniels,2.825770652,-0.778627332,0,J.Daniels,NA,J.Lane,WAS,2,4,8:13,"(8:13) (No Huddle, Shotgun) 5-J.Daniels pass incomplete short right to 83-J.Lane (98-M.Sweat).",10,493,493,0.807594061,-0.019754171,0.807801843,pass,0.772749245,-77.27492452,0,4,right,0,-0.778627332,24,22,2,3,3,WAS 40,CHI 39,KICKOFF,PUNT,2:29,5,Half2,0,CHI 39,0,6
17,Punt,49,Punt,0,39,0,0,0,2025_06_CHI_WAS,3706,WAS,CHI,0,1,0,J.Daniels,2.04714332,-1.764785247,0,J.Daniels,NA,NA,WAS,3,4,8:10,"(8:10) (No Huddle, Shotgun) 5-J.Daniels pass incomplete short right.",10,490,490,0.78783989,-0.038572311,0.777288198,pass,NA,NA,0,14,right,0,-1.764785247,24,22,2,3,3,WAS 40,CHI 39,KICKOFF,PUNT,2:29,5,Half2,0,CHI 39,0,6
17,Punt,49,Punt,0,39,0,0,0,2025_06_CHI_WAS,3729,WAS,CHI,0,0,0,NA,0.282358073,-0.329668442,0,NA,NA,NA,WAS,4,4,8:04,"(8:04) 10-T.Way punts 30 yards to CHI 9, Center-69-T.Ott, fair catch by 12-D.Duvernay.",10,484,484,0.749267578,-0.081583411,0.744560361,punt,NA,NA,0,NA,NA,0,-0.329668442,24,22,2,3,3,WAS 40,CHI 39,KICKOFF,PUNT,2:29,5,Half2,0,CHI 39,0,6
18,Punt,50,Punt,0,91,0,0,0,2025_06_CHI_WAS,3749,WAS,CHI,0,1,0,C.Williams,0.047310369,-0.617462837,0,C.Williams,NA,C.Kmet,CHI,1,4,7:57,"(7:57) 18-C.Williams pass short right to 85-C.Kmet pushed ob at CHI 20 for 11 yards (0-M.Sainristil). PENALTY on CHI-2-D.Moore, Offensive Offside, 4 yards, enforced at CHI 9 - No Play.",10,477,477,0.667684168,0.057818413,0.634362906,no_play,NA,NA,0,NA,NA,0,-0.617462837,24,22,-2,3,3,CHI 9,CHI 17,PUNT,PUNT,1:55,3,Half2,0,CHI 9,1,6
18,Punt,50,Punt,0,95,0,0,0,2025_06_CHI_WAS,3802,WAS,CHI,1,0,0,K.Monangai,-0.570152469,-0.787691175,0,NA,K.Monangai,NA,CHI,1,4,7:32,"(7:32) 25-K.Monangai up the middle to CHI 3 for -2 yards (54-B.Wagner, 95-J.Newton).",14,452,452,0.72550258,0.017090023,0.687435687,run,NA,NA,0,NA,NA,-2,-0.787691175,24,22,-2,3,3,CHI 9,CHI 17,PUNT,PUNT,1:55,3,Half2,0,CHI 5,0,6
18,Punt,50,Punt,0,97,0,0,0,2025_06_CHI_WAS,3824,WAS,CHI,0,1,0,C.Williams,-1.357843643,-0.538841336,0,C.Williams,NA,O.Zaccheaus,CHI,2,4,6:51,(6:51) (Shotgun) 18-C.Williams pass incomplete short left to 14-O.Zaccheaus.,16,411,411,0.742592603,0.042331293,0.708841622,pass,0.718338132,-71.83381319,0,6,left,0,-0.538841336,24,22,-2,3,3,CHI 9,CHI 17,PUNT,PUNT,1:55,3,Half2,0,CHI 3,0,6
18,Punt,50,Punt,0,97,0,0,0,2025_06_CHI_WAS,3847,WAS,CHI,0,1,0,C.Williams,-1.89668498,0.387959289,1,C.Williams,NA,O.Zaccheaus,CHI,3,4,6:47,(6:47) (Shotgun) 18-C.Williams pass short right to 14-O.Zaccheaus to CHI 17 for 14 yards (54-B.Wagner; 39-J.Reaves).,16,407,407,0.784923896,-0.056309953,0.742050946,pass,0.658025801,34.19741988,1,7,right,14,0.387959289,24,22,-2,3,3,CHI 9,CHI 17,PUNT,PUNT,1:55,3,Half2,0,CHI 3,0,6
18,Punt,50,Punt,0,83,0,0,0,2025_06_CHI_WAS,3872,WAS,CHI,0,0,0,NA,-1.508725691,-0.405546987,0,NA,NA,NA,CHI,4,4,6:12,"(6:12) 19-T.Taylor punts 53 yards to WAS 30, Center-46-S.Daly. 83-J.Lane to WAS 39 for 9 yards (48-D.Jackson; 36-J.Owens).",2,372,372,0.728613943,0.081594259,0.70561561,punt,NA,NA,0,NA,NA,0,-0.405546987,24,22,-2,3,3,CHI 9,CHI 17,PUNT,PUNT,1:55,3,Half2,9,CHI 17,0,6
19,Turnover,51,First down,1,61,0,0,0,2025_06_CHI_WAS,3898,WAS,CHI,1,0,0,J.Croskey-Merritt,1.914272678,-0.365571619,0,NA,J.Croskey-Merritt,NA,WAS,1,4,6:02,(6:02) (Shotgun) 22-J.Croskey-Merritt right guard to WAS 42 for 3 yards (99-G.Dexter; 97-A.Billings).,10,362,362,0.810208201,-0.010273278,0.780056238,run,NA,NA,0,NA,NA,3,-0.365571619,24,22,2,3,3,WAS 39,CHI 40,PUNT,FUMBLE,2:55,6,Half2,0,WAS 39,0,6
19,Turnover,51,First down,1,58,0,0,0,2025_06_CHI_WAS,3920,WAS,CHI,0,1,0,J.Daniels,1.548701059,-1.424098832,0,J.Daniels,NA,NA,WAS,2,4,5:26,"(5:26) (No Huddle, Shotgun) 5-J.Daniels sacked at WAS 36 for -6 yards (sack split by 90-D.Robinson and 99-G.Dexter).",7,326,326,0.799934924,-0.047645211,0.770959496,pass,NA,NA,0,NA,NA,-6,-1.424098832,24,22,2,3,3,WAS 39,CHI 40,PUNT,FUMBLE,2:55,6,Half2,0,WAS 42,0,6
19,Turnover,51,First down,1,64,0,0,0,2025_06_CHI_WAS,3940,WAS,CHI,0,1,1,J.Daniels,0.124602226,2.390949929,1,J.Daniels,NA,J.McNichols,WAS,3,4,4:42,"(4:42) (No Huddle, Shotgun) 5-J.Daniels pass short middle to 26-J.McNichols to CHI 49 for 15 yards (49-T.Edmunds; 31-K.Byard).",13,282,282,0.752289712,0.075380147,0.724069178,pass,0.815760672,18.42393279,1,2,middle,15,2.390949929,24,22,2,3,3,WAS 39,CHI 40,PUNT,FUMBLE,2:55,6,Half2,0,WAS 36,0,6
19,Turnover,52,Turnover,0,49,0,0,0,2025_06_CHI_WAS,3965,WAS,CHI,1,0,0,J.McNichols,2.515552156,-0.649997264,0,NA,J.McNichols,NA,WAS,1,4,3:55,"(3:55) (No Huddle, Shotgun) 73-T.Scott reported in as eligible. 26-J.McNichols right tackle to CHI 48 for 1 yard (98-M.Sweat; 49-T.Edmunds).",10,235,235,0.827669859,-0.004966676,0.829607129,run,NA,NA,0,NA,NA,1,-0.649997264,24,22,2,3,3,WAS 39,CHI 40,PUNT,FUMBLE,2:55,6,Half2,0,CHI 49,0,6
19,Turnover,52,Turnover,0,48,0,0,0,2025_06_CHI_WAS,3989,WAS,CHI,0,1,0,J.Daniels,1.865554892,0.72091699,1,J.Daniels,NA,NA,WAS,2,4,3:14,"(3:14) (No Huddle, Shotgun) 5-J.Daniels scrambles right end to CHI 40 for 8 yards (48-D.Jackson; 53-T.Edwards).",9,194,194,0.822703183,0.035167754,0.814911544,run,NA,NA,0,NA,NA,8,0.72091699,24,22,2,3,3,WAS 39,CHI 40,PUNT,FUMBLE,2:55,6,Half2,0,CHI 48,0,6
19,Turnover,52,Turnover,0,NA,0,0,0,2025_06_CHI_WAS,4023,WAS,CHI,0,0,0,NA,2.586471882,0,0,NA,NA,NA,NA,NA,4,3:10,Timeout #1 by CHI at 03:10.,0,190,190,0.857870936,0,0.847670913,no_play,NA,NA,0,NA,NA,0,0,24,22,NA,NA,NA,WAS 39,CHI 40,PUNT,FUMBLE,2:55,6,Half2,0,CHI 40,0,6
19,Turnover,52,Turnover,0,40,0,1,0,2025_06_CHI_WAS,4011,WAS,CHI,1,0,0,J.Daniels,2.586471882,-4.304205797,0,NA,J.Daniels,NA,WAS,3,4,3:10,"(3:10) (Shotgun) 73-T.Scott reported in as eligible. 5-J.Daniels FUMBLES (Aborted) at CHI 45, RECOVERED by CHI-26-N.Wright at CHI 44.",1,190,190,0.857870936,-0.26142177,0.847670913,run,NA,NA,0,NA,NA,0,-4.304205797,24,22,2,3,2,WAS 39,CHI 40,PUNT,FUMBLE,2:55,6,Half2,0,CHI 40,0,6
20,Field goal,53,First down,1,56,0,0,0,2025_06_CHI_WAS,4047,WAS,CHI,1,0,0,D.Swift,1.717733915,-0.356063627,0,NA,D.Swift,NA,CHI,1,4,3:07,(3:07) 4-D.Swift up the middle to CHI 46 for 2 yards (94-D.Payne).,10,187,187,0.596449167,0.04136169,0.5914509,run,NA,NA,0,NA,NA,2,-0.356063627,24,22,-2,2,3,CHI 44,WAS 20,FUMBLE,FIELD_GOAL,3:07,9,Half2,0,CHI 44,0,6
20,Field goal,53,First down,1,54,0,0,0,2025_06_CHI_WAS,4069,WAS,CHI,1,0,0,D.Swift,1.361670289,0.046579318,1,NA,D.Swift,NA,CHI,2,4,2:31,(2:31) 4-D.Swift right guard to CHI 49 for 3 yards (94-D.Payne; 52-P.Smith).,8,151,151,0.637810856,0.004302919,0.639442503,run,NA,NA,0,NA,NA,3,0.046579318,24,22,-2,2,3,CHI 44,WAS 20,FUMBLE,FIELD_GOAL,3:07,9,Half2,0,CHI 46,0,6
20,Field goal,53,First down,1,51,0,0,0,2025_06_CHI_WAS,4091,WAS,CHI,0,1,1,C.Williams,1.408249607,1.016573526,1,C.Williams,NA,C.Loveland,CHI,3,4,2:00,(2:00) (Shotgun) 18-C.Williams pass short right to 84-C.Loveland to WAS 45 for 6 yards (4-F.Luvu).,5,120,120,0.642113775,-0.079802394,0.642992377,pass,0.678119957,32.18800426,1,6,right,6,1.016573526,24,22,-2,2,3,CHI 44,WAS 20,FUMBLE,FIELD_GOAL,3:07,9,Half2,0,CHI 49,0,6
20,Field goal,54,First down,1,45,0,0,0,2025_06_CHI_WAS,4123,WAS,CHI,1,0,0,D.Swift,2.424823133,-0.052981894,0,NA,D.Swift,NA,CHI,1,4,1:31,(1:31) 4-D.Swift right guard to WAS 41 for 4 yards (24-V.Miller).,10,91,91,0.562311381,-0.046491593,0.540863633,run,NA,NA,0,NA,NA,4,-0.052981894,24,22,-2,2,3,CHI 44,WAS 20,FUMBLE,FIELD_GOAL,3:07,9,Half2,0,WAS 45,0,6
20,Field goal,54,First down,1,NA,0,0,0,2025_06_CHI_WAS,4157,WAS,CHI,0,0,0,NA,2.371841239,0,0,NA,NA,NA,NA,NA,4,1:27,Timeout #1 by WAS at 01:27.,0,87,87,0.515819788,0,0.52580741,no_play,NA,NA,0,NA,NA,0,0,24,22,NA,NA,NA,CHI 44,WAS 20,FUMBLE,FIELD_GOAL,3:07,9,Half2,0,WAS 41,0,6
20,Field goal,54,First down,1,41,0,0,0,2025_06_CHI_WAS,4145,WAS,CHI,1,0,1,D.Swift,2.371841239,0.639322562,1,NA,D.Swift,NA,CHI,2,4,1:27,(1:27) 4-D.Swift right end to WAS 31 for 10 yards (39-J.Reaves).,6,87,87,0.515819788,-0.096886516,0.52580741,run,NA,NA,0,NA,NA,10,0.639322562,24,22,-2,2,2,CHI 44,WAS 20,FUMBLE,FIELD_GOAL,3:07,9,Half2,0,WAS 41,0,6
20,Field goal,55,First down,1,NA,0,0,0,2025_06_CHI_WAS,4186,WAS,CHI,0,0,0,NA,3.011163801,0,0,NA,NA,NA,NA,NA,4,1:22,Timeout #2 by WAS at 01:22.,0,82,82,0.418933272,0,0.461328685,no_play,NA,NA,0,NA,NA,0,0,24,22,NA,NA,NA,CHI 44,WAS 20,FUMBLE,FIELD_GOAL,3:07,9,Half2,0,WAS 31,0,6
20,Field goal,55,First down,1,31,0,0,0,2025_06_CHI_WAS,4174,WAS,CHI,0,1,0,C.Williams,3.011163801,-1.566828834,0,C.Williams,NA,NA,CHI,1,4,1:22,(1:22) 18-C.Williams sacked at WAS 33 for -2 yards (39-J.Reaves).,10,82,82,0.418933272,-0.037646115,0.461328685,pass,NA,NA,0,NA,NA,-2,-1.566828834,24,22,-2,2,1,CHI 44,WAS 20,FUMBLE,FIELD_GOAL,3:07,9,Half2,0,WAS 31,0,6
20,Field goal,55,First down,1,NA,0,0,0,2025_06_CHI_WAS,4222,WAS,CHI,0,0,0,NA,1.444334968,0,0,NA,NA,NA,NA,NA,4,1:14,Timeout #3 by WAS at 01:14.,0,74,74,0.381287158,0,0.507517725,no_play,NA,NA,0,NA,NA,0,0,24,22,NA,NA,NA,CHI 44,WAS 20,FUMBLE,FIELD_GOAL,3:07,9,Half2,0,WAS 33,0,6
20,Field goal,55,First down,1,33,0,0,0,2025_06_CHI_WAS,4210,WAS,CHI,1,0,1,D.Swift,1.444334968,1.783715125,1,NA,D.Swift,NA,CHI,2,4,1:14,(1:14) 4-D.Swift right end to WAS 18 for 15 yards (54-B.Wagner).,12,74,74,0.381287158,-0.126720488,0.507517725,run,NA,NA,0,NA,NA,15,1.783715125,24,22,-2,2,0,CHI 44,WAS 20,FUMBLE,FIELD_GOAL,3:07,9,Half2,0,WAS 33,0,6
20,Field goal,56,Field goal,0,NA,0,0,0,2025_06_CHI_WAS,4251,WAS,CHI,0,0,0,NA,3.228050092,0,0,NA,NA,NA,NA,NA,4,0:31,Timeout #2 by CHI at 00:31.,0,31,31,0.254566669,0,0.336791635,no_play,NA,NA,0,NA,NA,0,0,24,22,NA,NA,NA,CHI 44,WAS 20,FUMBLE,FIELD_GOAL,3:07,9,Half2,0,WAS 18,0,6
20,Field goal,56,Field goal,0,18,0,0,0,2025_06_CHI_WAS,4239,WAS,CHI,0,0,0,C.Williams,3.228050092,-0.594317854,0,NA,C.Williams,NA,CHI,1,4,0:31,(:31) 18-C.Williams kneels to WAS 20 for -2 yards.,10,31,31,0.254566669,0.147797763,0.336791635,qb_kneel,NA,NA,0,NA,NA,-2,-0.594317854,24,22,-2,1,0,CHI 44,WAS 20,FUMBLE,FIELD_GOAL,3:07,9,Half2,0,WAS 18,0,6
20,Field goal,56,Field goal,0,NA,0,0,0,2025_06_CHI_WAS,4280,WAS,CHI,0,0,0,NA,2.633732238,0,0,NA,NA,NA,NA,NA,4,0:03,Timeout #3 by CHI at 00:03.,0,3,3,0.402364433,0,0.433911204,no_play,NA,NA,0,NA,NA,0,0,24,22,NA,NA,NA,CHI 44,WAS 20,FUMBLE,FIELD_GOAL,3:07,9,Half2,0,WAS 20,0,6
20,Field goal,56,Field goal,0,20,0,0,0,2025_06_CHI_WAS,4268,WAS,CHI,0,0,0,NA,2.633732238,0.366267762,1,NA,NA,NA,CHI,2,4,0:03,"(:03) 16-J.Moody 38 yard field goal is GOOD, Center-46-S.Daly, Holder-19-T.Taylor.",12,3,3,0.402364433,NA,0.433911204,field_goal,NA,NA,0,NA,NA,0,0.366267762,24,25,-2,0,0,CHI 44,WAS 20,FUMBLE,FIELD_GOAL,3:07,9,Half2,0,WAS 20,0,6
21,End of half,57,End of half,0,NA,NA,NA,NA,2025_06_CHI_WAS,4295,WAS,CHI,0,0,0,NA,NA,NA,NA,NA,NA,NA,WAS,NA,4,0:00,END GAME,0,0,0,NA,NA,NA,NA,NA,NA,NA,NA,NA,NA,NA,24,25,-1,0,0,NA,NA,NA,NA,NA,NA,Half2,NA,NA,NA,6
